n	real_n	max_n	Time (s)	m	r
27.0	27.0	45.0	0.014796018600463867	10.0	2.0
27.0	27.0	45.0	0.014159440994262695	10.0	2.0
27.0	27.0	45.0	0.014741659164428711	10.0	2.0
28.0	28.0	45.0	0.015438318252563477	10.0	2.0
28.0	28.0	45.0	0.014741659164428711	10.0	2.0
29.0	29.0	45.0	0.016824960708618164	10.0	2.0
29.0	29.0	45.0	0.015449047088623047	10.0	2.0
30.0	30.0	45.0	0.016436338424682617	10.0	2.0
30.0	30.0	45.0	0.016785860061645508	10.0	2.0
31.0	31.0	45.0	0.01700305938720703	10.0	2.0
31.0	31.0	45.0	0.017286300659179688	10.0	2.0
31.0	31.0	45.0	0.017317771911621094	10.0	2.0
32.0	32.0	45.0	0.01784348487854004	10.0	2.0
32.0	32.0	45.0	0.017931222915649414	10.0	2.0
33.0	33.0	45.0	0.018674850463867188	10.0	2.0
33.0	33.0	45.0	0.019370079040527344	10.0	2.0
34.0	34.0	45.0	0.019430160522460938	10.0	2.0
34.0	34.0	45.0	0.01935887336730957	10.0	2.0
35.0	35.0	45.0	0.020827770233154297	10.0	2.0
35.0	35.0	45.0	0.020117998123168945	10.0	2.0
36.0	36.0	45.0	0.02216053009033203	10.0	2.0
36.0	36.0	45.0	0.02178478240966797	10.0	2.0
36.0	36.0	45.0	0.02156686782836914	10.0	2.0
37.0	37.0	45.0	0.022151947021484375	10.0	2.0
37.0	37.0	45.0	0.02422332763671875	10.0	2.0
38.0	38.0	45.0	0.023421525955200195	10.0	2.0
38.0	38.0	45.0	0.024110794067382812	10.0	2.0
39.0	39.0	45.0	0.02464890480041504	10.0	2.0
39.0	39.0	45.0	0.02454543113708496	10.0	2.0
40.0	40.0	45.0	0.02604842185974121	10.0	2.0
40.0	40.0	45.0	0.026059865951538086	10.0	2.0
40.0	40.0	45.0	0.02533745765686035	10.0	2.0
41.0	41.0	45.0	0.031546592712402344	10.0	2.0
41.0	41.0	45.0	0.02639460563659668	10.0	2.0
42.0	42.0	45.0	0.052188873291015625	10.0	2.0
42.0	42.0	45.0	0.027942895889282227	10.0	2.0
43.0	43.0	45.0	0.027930021286010742	10.0	2.0
43.0	43.0	45.0	0.05018019676208496	10.0	2.0
44.0	44.0	45.0	0.09490180015563965	10.0	2.0
44.0	44.0	45.0	0.06426453590393066	10.0	2.0
72.0	72.0	120.0	0.05715370178222656	10.0	3.0
73.0	73.0	120.0	0.05734062194824219	10.0	3.0
74.0	74.0	120.0	0.060083627700805664	10.0	3.0
75.0	75.0	120.0	0.06074833869934082	10.0	3.0
76.0	76.0	120.0	0.06209921836853027	10.0	3.0
78.0	78.0	120.0	0.06415772438049316	10.0	3.0
79.0	79.0	120.0	0.06630373001098633	10.0	3.0
80.0	80.0	120.0	0.06682705879211426	10.0	3.0
81.0	81.0	120.0	0.06802082061767578	10.0	3.0
82.0	82.0	120.0	0.0697486400604248	10.0	3.0
84.0	84.0	120.0	0.07282567024230957	10.0	3.0
85.0	85.0	120.0	0.07250165939331055	10.0	3.0
86.0	86.0	120.0	0.07451128959655762	10.0	3.0
87.0	87.0	120.0	0.07549452781677246	10.0	3.0
88.0	88.0	120.0	0.07776832580566406	10.0	3.0
90.0	90.0	120.0	0.07886266708374023	10.0	3.0
91.0	91.0	120.0	0.08025145530700684	10.0	3.0
92.0	92.0	120.0	0.08282184600830078	10.0	3.0
93.0	93.0	120.0	0.08393144607543945	10.0	3.0
94.0	94.0	120.0	0.08608770370483398	10.0	3.0
96.0	96.0	120.0	0.09609365463256836	10.0	3.0
97.0	97.0	120.0	0.08971476554870605	10.0	3.0
98.0	98.0	120.0	0.09336662292480469	10.0	3.0
99.0	99.0	120.0	0.09316754341125488	10.0	3.0
100.0	100.0	120.0	0.0956108570098877	10.0	3.0
102.0	102.0	120.0	0.0974886417388916	10.0	3.0
103.0	103.0	120.0	0.0997772216796875	10.0	3.0
104.0	104.0	120.0	0.10091209411621094	10.0	3.0
105.0	105.0	120.0	0.10999536514282227	10.0	3.0
106.0	106.0	120.0	0.11051583290100098	10.0	3.0
108.0	108.0	120.0	0.11269450187683105	10.0	3.0
109.0	109.0	120.0	0.1266026496887207	10.0	3.0
110.0	110.0	120.0	0.11970329284667969	10.0	3.0
111.0	111.0	120.0	0.19873690605163574	10.0	3.0
112.0	112.0	120.0	0.23778939247131348	10.0	3.0
114.0	114.0	120.0	0.12656474113464355	10.0	3.0
115.0	115.0	120.0	0.37743234634399414	10.0	3.0
116.0	116.0	120.0	2.127652645111084	10.0	3.0
117.0	117.0	120.0	6.560201406478882	10.0	3.0
118.0	118.0	120.0	257.13013792037964	10.0	3.0
126.0	126.0	210.0	0.13403820991516113	10.0	4.0
128.0	128.0	210.0	0.13813066482543945	10.0	4.0
130.0	130.0	210.0	0.14085721969604492	10.0	4.0
132.0	132.0	210.0	0.14411401748657227	10.0	4.0
134.0	134.0	210.0	0.14752864837646484	10.0	4.0
136.0	136.0	210.0	0.15101933479309082	10.0	4.0
138.0	138.0	210.0	0.1548309326171875	10.0	4.0
140.0	140.0	210.0	0.1600790023803711	10.0	4.0
142.0	142.0	210.0	0.16411972045898438	10.0	4.0
144.0	144.0	210.0	0.16904139518737793	10.0	4.0
147.0	147.0	210.0	0.17228078842163086	10.0	4.0
149.0	149.0	210.0	0.17573213577270508	10.0	4.0
151.0	151.0	210.0	0.18122410774230957	10.0	4.0
153.0	153.0	210.0	0.183685302734375	10.0	4.0
155.0	155.0	210.0	0.1896049976348877	10.0	4.0
157.0	157.0	210.0	0.1943655014038086	10.0	4.0
159.0	159.0	210.0	0.19613265991210938	10.0	4.0
161.0	161.0	210.0	0.20406603813171387	10.0	4.0
163.0	163.0	210.0	0.2062525749206543	10.0	4.0
165.0	165.0	210.0	0.2155458927154541	10.0	4.0
168.0	168.0	210.0	0.22621464729309082	10.0	4.0
170.0	170.0	210.0	0.22554898262023926	10.0	4.0
172.0	172.0	210.0	0.23416972160339355	10.0	4.0
174.0	174.0	210.0	0.23661112785339355	10.0	4.0
176.0	176.0	210.0	0.26764512062072754	10.0	4.0
178.0	178.0	210.0	0.25134754180908203	10.0	4.0
180.0	180.0	210.0	0.26552271842956543	10.0	4.0
182.0	182.0	210.0	0.2678976058959961	10.0	4.0
184.0	184.0	210.0	0.2843797206878662	10.0	4.0
186.0	186.0	210.0	0.6670436859130859	10.0	4.0
189.0	189.0	210.0	2.5289995670318604	10.0	4.0
191.0	191.0	210.0	0.31682395935058594	10.0	4.0
193.0	193.0	210.0	0.378948450088501	10.0	4.0
195.0	0.0	210.0	400.00032806396484	10.0	4.0
197.0	197.0	210.0	8.028819561004639	10.0	4.0
199.0	0.0	210.0	400.00032925605774	10.0	4.0
201.0	0.0	210.0	400.00034856796265	10.0	4.0
203.0	0.0	210.0	400.0003299713135	10.0	4.0
205.0	0.0	210.0	400.0003733634949	10.0	4.0
207.0	0.0	210.0	400.0003435611725	10.0	4.0
126.0	126.0	210.0	0.14044904708862305	10.0	5.0
128.0	128.0	210.0	0.14421391487121582	10.0	5.0
130.0	130.0	210.0	0.14688897132873535	10.0	5.0
132.0	132.0	210.0	0.15086936950683594	10.0	5.0
134.0	134.0	210.0	0.1522355079650879	10.0	5.0
136.0	136.0	210.0	0.15856075286865234	10.0	5.0
138.0	138.0	210.0	0.16263437271118164	10.0	5.0
140.0	140.0	210.0	0.16626453399658203	10.0	5.0
142.0	142.0	210.0	0.16945600509643555	10.0	5.0
144.0	144.0	210.0	0.17473149299621582	10.0	5.0
147.0	147.0	210.0	0.17704510688781738	10.0	5.0
149.0	149.0	210.0	0.18498015403747559	10.0	5.0
151.0	151.0	210.0	0.1942760944366455	10.0	5.0
153.0	153.0	210.0	0.19218730926513672	10.0	5.0
155.0	155.0	210.0	0.19699525833129883	10.0	5.0
157.0	157.0	210.0	0.20116639137268066	10.0	5.0
159.0	159.0	210.0	0.20831680297851562	10.0	5.0
161.0	161.0	210.0	0.21406841278076172	10.0	5.0
163.0	163.0	210.0	0.21590757369995117	10.0	5.0
165.0	165.0	210.0	0.22465062141418457	10.0	5.0
168.0	168.0	210.0	0.23174285888671875	10.0	5.0
170.0	170.0	210.0	0.23514032363891602	10.0	5.0
172.0	172.0	210.0	0.2447061538696289	10.0	5.0
174.0	174.0	210.0	0.2436845302581787	10.0	5.0
176.0	176.0	210.0	0.24970674514770508	10.0	5.0
178.0	178.0	210.0	0.2513086795806885	10.0	5.0
180.0	180.0	210.0	0.2583322525024414	10.0	5.0
182.0	182.0	210.0	0.2714381217956543	10.0	5.0
184.0	184.0	210.0	0.27702760696411133	10.0	5.0
186.0	186.0	210.0	0.28269147872924805	10.0	5.0
189.0	189.0	210.0	0.36563563346862793	10.0	5.0
191.0	191.0	210.0	0.8972859382629395	10.0	5.0
193.0	193.0	210.0	26.582796812057495	10.0	5.0
195.0	195.0	210.0	7.921688556671143	10.0	5.0
197.0	0.0	210.0	400.0003640651703	10.0	5.0
199.0	199.0	210.0	12.319793701171875	10.0	5.0
201.0	0.0	210.0	400.00037693977356	10.0	5.0
203.0	0.0	210.0	400.00047850608826	10.0	5.0
205.0	0.0	210.0	400.00048208236694	10.0	5.0
207.0	0.0	210.0	400.0013761520386	10.0	5.0
72.0	72.0	120.0	0.05588507652282715	10.0	6.0
73.0	73.0	120.0	0.056638479232788086	10.0	6.0
74.0	74.0	120.0	0.058237552642822266	10.0	6.0
75.0	75.0	120.0	0.05981802940368652	10.0	6.0
76.0	76.0	120.0	0.06144523620605469	10.0	6.0
78.0	78.0	120.0	0.06431031227111816	10.0	6.0
79.0	79.0	120.0	0.06471443176269531	10.0	6.0
80.0	80.0	120.0	0.06694912910461426	10.0	6.0
81.0	81.0	120.0	0.06664848327636719	10.0	6.0
82.0	82.0	120.0	0.06769442558288574	10.0	6.0
84.0	84.0	120.0	0.07179999351501465	10.0	6.0
85.0	85.0	120.0	0.07259488105773926	10.0	6.0
86.0	86.0	120.0	0.07451844215393066	10.0	6.0
87.0	87.0	120.0	0.07617521286010742	10.0	6.0
88.0	88.0	120.0	0.07638072967529297	10.0	6.0
90.0	90.0	120.0	0.07945585250854492	10.0	6.0
91.0	91.0	120.0	0.08137297630310059	10.0	6.0
92.0	92.0	120.0	0.08335137367248535	10.0	6.0
93.0	93.0	120.0	0.08346772193908691	10.0	6.0
94.0	94.0	120.0	0.0853891372680664	10.0	6.0
96.0	96.0	120.0	0.08889126777648926	10.0	6.0
97.0	97.0	120.0	0.08936142921447754	10.0	6.0
98.0	98.0	120.0	0.09146404266357422	10.0	6.0
99.0	99.0	120.0	0.09577083587646484	10.0	6.0
100.0	100.0	120.0	0.0967860221862793	10.0	6.0
102.0	102.0	120.0	0.10353732109069824	10.0	6.0
103.0	103.0	120.0	0.0978233814239502	10.0	6.0
104.0	104.0	120.0	0.11517953872680664	10.0	6.0
105.0	105.0	120.0	0.12261176109313965	10.0	6.0
106.0	106.0	120.0	0.10442757606506348	10.0	6.0
108.0	108.0	120.0	0.11056661605834961	10.0	6.0
109.0	109.0	120.0	0.10918784141540527	10.0	6.0
110.0	110.0	120.0	0.11219525337219238	10.0	6.0
111.0	111.0	120.0	0.12126517295837402	10.0	6.0
112.0	112.0	120.0	0.11884379386901855	10.0	6.0
114.0	114.0	120.0	0.13840103149414062	10.0	6.0
115.0	115.0	120.0	0.29063844680786133	10.0	6.0
116.0	116.0	120.0	35.9837749004364	10.0	6.0
117.0	117.0	120.0	0.2805466651916504	10.0	6.0
118.0	118.0	120.0	201.441397190094	10.0	6.0
27.0	27.0	45.0	0.013681411743164062	10.0	7.0
27.0	27.0	45.0	0.01378321647644043	10.0	7.0
27.0	27.0	45.0	0.01342463493347168	10.0	7.0
28.0	28.0	45.0	0.014223575592041016	10.0	7.0
28.0	28.0	45.0	0.014150381088256836	10.0	7.0
29.0	29.0	45.0	0.014931440353393555	10.0	7.0
29.0	29.0	45.0	0.014906167984008789	10.0	7.0
30.0	30.0	45.0	0.015601158142089844	10.0	7.0
30.0	30.0	45.0	0.015482425689697266	10.0	7.0
31.0	31.0	45.0	0.01636528968811035	10.0	7.0
31.0	31.0	45.0	0.016273021697998047	10.0	7.0
31.0	31.0	45.0	0.016651153564453125	10.0	7.0
32.0	32.0	45.0	0.01706409454345703	10.0	7.0
32.0	32.0	45.0	0.01709294319152832	10.0	7.0
33.0	33.0	45.0	0.018433570861816406	10.0	7.0
33.0	33.0	45.0	0.0178070068359375	10.0	7.0
34.0	34.0	45.0	0.018711090087890625	10.0	7.0
34.0	34.0	45.0	0.018380165100097656	10.0	7.0
35.0	35.0	45.0	0.019548892974853516	10.0	7.0
35.0	35.0	45.0	0.018999099731445312	10.0	7.0
36.0	36.0	45.0	0.020266056060791016	10.0	7.0
36.0	36.0	45.0	0.020708560943603516	10.0	7.0
36.0	36.0	45.0	0.02090620994567871	10.0	7.0
37.0	37.0	45.0	0.022061824798583984	10.0	7.0
37.0	37.0	45.0	0.020998239517211914	10.0	7.0
38.0	38.0	45.0	0.023061752319335938	10.0	7.0
38.0	38.0	45.0	0.023396015167236328	10.0	7.0
39.0	39.0	45.0	0.023316383361816406	10.0	7.0
39.0	39.0	45.0	0.0232999324798584	10.0	7.0
40.0	40.0	45.0	0.02533888816833496	10.0	7.0
40.0	40.0	45.0	0.02401256561279297	10.0	7.0
40.0	40.0	45.0	0.024216413497924805	10.0	7.0
41.0	41.0	45.0	0.025468826293945312	10.0	7.0
41.0	41.0	45.0	0.025948286056518555	10.0	7.0
42.0	42.0	45.0	0.02557539939880371	10.0	7.0
42.0	42.0	45.0	0.02551126480102539	10.0	7.0
43.0	43.0	45.0	0.027369976043701172	10.0	7.0
43.0	43.0	45.0	0.02655482292175293	10.0	7.0
44.0	44.0	45.0	0.2677268981933594	10.0	7.0
44.0	44.0	45.0	0.06459355354309082	10.0	7.0
6.0	6.0	10.0	0.00218963623046875	10.0	8.0
6.0	6.0	10.0	0.0020554065704345703	10.0	8.0
6.0	6.0	10.0	0.0020422935485839844	10.0	8.0
6.0	6.0	10.0	0.002028942108154297	10.0	8.0
6.0	6.0	10.0	0.0020437240600585938	10.0	8.0
6.0	6.0	10.0	0.0020427703857421875	10.0	8.0
6.0	6.0	10.0	0.00203704833984375	10.0	8.0
6.0	6.0	10.0	0.0020339488983154297	10.0	8.0
6.0	6.0	10.0	0.002048492431640625	10.0	8.0
6.0	6.0	10.0	0.002028226852416992	10.0	8.0
7.0	7.0	10.0	0.0024652481079101562	10.0	8.0
7.0	7.0	10.0	0.0024793148040771484	10.0	8.0
7.0	7.0	10.0	0.0024666786193847656	10.0	8.0
7.0	7.0	10.0	0.002466917037963867	10.0	8.0
7.0	7.0	10.0	0.00247955322265625	10.0	8.0
7.0	7.0	10.0	0.002473592758178711	10.0	8.0
7.0	7.0	10.0	0.002471446990966797	10.0	8.0
7.0	7.0	10.0	0.0024607181549072266	10.0	8.0
7.0	7.0	10.0	0.0024759769439697266	10.0	8.0
7.0	7.0	10.0	0.002490520477294922	10.0	8.0
8.0	8.0	10.0	0.0029070377349853516	10.0	8.0
8.0	8.0	10.0	0.0029087066650390625	10.0	8.0
8.0	8.0	10.0	0.0029175281524658203	10.0	8.0
8.0	8.0	10.0	0.0029129981994628906	10.0	8.0
8.0	8.0	10.0	0.0029134750366210938	10.0	8.0
8.0	8.0	10.0	0.0028989315032958984	10.0	8.0
8.0	8.0	10.0	0.002903461456298828	10.0	8.0
8.0	8.0	10.0	0.002916574478149414	10.0	8.0
8.0	8.0	10.0	0.0029201507568359375	10.0	8.0
8.0	8.0	10.0	0.002927541732788086	10.0	8.0
9.0	9.0	10.0	0.003350973129272461	10.0	8.0
9.0	9.0	10.0	0.003347158432006836	10.0	8.0
9.0	9.0	10.0	0.0033364295959472656	10.0	8.0
9.0	9.0	10.0	0.00334930419921875	10.0	8.0
9.0	9.0	10.0	0.003529787063598633	10.0	8.0
9.0	9.0	10.0	0.0034027099609375	10.0	8.0
9.0	9.0	10.0	0.0033388137817382812	10.0	8.0
9.0	9.0	10.0	0.0033440589904785156	10.0	8.0
9.0	9.0	10.0	0.003414630889892578	10.0	8.0
9.0	9.0	10.0	0.0033903121948242188	10.0	8.0
33.0	33.0	55.0	0.020226478576660156	11.0	2.0
33.0	33.0	55.0	0.019814491271972656	11.0	2.0
34.0	34.0	55.0	0.0207827091217041	11.0	2.0
34.0	34.0	55.0	0.0205996036529541	11.0	2.0
35.0	35.0	55.0	0.021915674209594727	11.0	2.0
35.0	35.0	55.0	0.02160930633544922	11.0	2.0
36.0	36.0	55.0	0.02275371551513672	11.0	2.0
36.0	36.0	55.0	0.022803783416748047	11.0	2.0
37.0	37.0	55.0	0.02385544776916504	11.0	2.0
37.0	37.0	55.0	0.02354884147644043	11.0	2.0
38.0	38.0	55.0	0.025151968002319336	11.0	2.0
39.0	39.0	55.0	0.02559375762939453	11.0	2.0
39.0	39.0	55.0	0.025702476501464844	11.0	2.0
40.0	40.0	55.0	0.027321577072143555	11.0	2.0
40.0	40.0	55.0	0.02682662010192871	11.0	2.0
41.0	41.0	55.0	0.028115272521972656	11.0	2.0
41.0	41.0	55.0	0.02820277214050293	11.0	2.0
42.0	42.0	55.0	0.02889108657836914	11.0	2.0
42.0	42.0	55.0	0.02915811538696289	11.0	2.0
43.0	43.0	55.0	0.030427217483520508	11.0	2.0
44.0	44.0	55.0	0.030874967575073242	11.0	2.0
44.0	44.0	55.0	0.03087472915649414	11.0	2.0
45.0	45.0	55.0	0.03282880783081055	11.0	2.0
45.0	45.0	55.0	0.031728267669677734	11.0	2.0
46.0	46.0	55.0	0.033307552337646484	11.0	2.0
46.0	46.0	55.0	0.03322887420654297	11.0	2.0
47.0	47.0	55.0	0.0351405143737793	11.0	2.0
47.0	47.0	55.0	0.0353243350982666	11.0	2.0
48.0	48.0	55.0	0.035605430603027344	11.0	2.0
48.0	48.0	55.0	0.035558462142944336	11.0	2.0
49.0	49.0	55.0	0.05125784873962402	11.0	2.0
50.0	50.0	55.0	0.04394102096557617	11.0	2.0
50.0	50.0	55.0	0.037878990173339844	11.0	2.0
51.0	51.0	55.0	0.04062461853027344	11.0	2.0
51.0	51.0	55.0	0.04643607139587402	11.0	2.0
52.0	52.0	55.0	0.04187798500061035	11.0	2.0
52.0	52.0	55.0	0.06112337112426758	11.0	2.0
53.0	53.0	55.0	0.08572530746459961	11.0	2.0
53.0	53.0	55.0	0.04148721694946289	11.0	2.0
54.0	54.0	55.0	0.33173203468322754	11.0	2.0
99.0	99.0	165.0	0.10718560218811035	11.0	3.0
100.0	100.0	165.0	0.10806608200073242	11.0	3.0
102.0	102.0	165.0	0.11159491539001465	11.0	3.0
103.0	103.0	165.0	0.11343646049499512	11.0	3.0
105.0	105.0	165.0	0.1207876205444336	11.0	3.0
107.0	107.0	165.0	0.12251710891723633	11.0	3.0
108.0	108.0	165.0	0.12526345252990723	11.0	3.0
110.0	110.0	165.0	0.1275649070739746	11.0	3.0
112.0	112.0	165.0	0.13133907318115234	11.0	3.0
113.0	113.0	165.0	0.13489460945129395	11.0	3.0
115.0	115.0	165.0	0.1386854648590088	11.0	3.0
117.0	117.0	165.0	0.14348316192626953	11.0	3.0
118.0	118.0	165.0	0.14302587509155273	11.0	3.0
120.0	120.0	165.0	0.14835691452026367	11.0	3.0
122.0	122.0	165.0	0.15398502349853516	11.0	3.0
123.0	123.0	165.0	0.15511441230773926	11.0	3.0
125.0	125.0	165.0	0.17025399208068848	11.0	3.0
127.0	127.0	165.0	0.16981291770935059	11.0	3.0
128.0	128.0	165.0	0.17051148414611816	11.0	3.0
130.0	130.0	165.0	0.1694638729095459	11.0	3.0
132.0	132.0	165.0	0.1736307144165039	11.0	3.0
133.0	133.0	165.0	0.17931842803955078	11.0	3.0
135.0	135.0	165.0	0.1852571964263916	11.0	3.0
136.0	136.0	165.0	0.1859292984008789	11.0	3.0
138.0	138.0	165.0	0.19100713729858398	11.0	3.0
140.0	140.0	165.0	0.1962261199951172	11.0	3.0
141.0	141.0	165.0	0.1999497413635254	11.0	3.0
143.0	143.0	165.0	0.20968031883239746	11.0	3.0
145.0	145.0	165.0	0.21826505661010742	11.0	3.0
146.0	146.0	165.0	0.20987534523010254	11.0	3.0
148.0	148.0	165.0	0.2224104404449463	11.0	3.0
150.0	150.0	165.0	0.22661113739013672	11.0	3.0
151.0	151.0	165.0	0.2610640525817871	11.0	3.0
153.0	153.0	165.0	0.2409381866455078	11.0	3.0
155.0	155.0	165.0	0.38423991203308105	11.0	3.0
156.0	156.0	165.0	0.33446788787841797	11.0	3.0
158.0	158.0	165.0	31.082088708877563	11.0	3.0
160.0	160.0	165.0	60.80734324455261	11.0	3.0
161.0	0.0	165.0	400.00045800209045	11.0	3.0
163.0	163.0	165.0	0.5696167945861816	11.0	3.0
198.0	198.0	330.0	0.3229835033416748	11.0	4.0
201.0	201.0	330.0	0.36953043937683105	11.0	4.0
204.0	204.0	330.0	0.36774754524230957	11.0	4.0
207.0	207.0	330.0	0.3725109100341797	11.0	4.0
211.0	211.0	330.0	0.38312435150146484	11.0	4.0
214.0	214.0	330.0	0.3815310001373291	11.0	4.0
217.0	217.0	330.0	0.3844006061553955	11.0	4.0
221.0	221.0	330.0	0.3915822505950928	11.0	4.0
224.0	224.0	330.0	0.40641021728515625	11.0	4.0
227.0	227.0	330.0	0.4622616767883301	11.0	4.0
231.0	231.0	330.0	0.42609643936157227	11.0	4.0
234.0	234.0	330.0	0.43022704124450684	11.0	4.0
237.0	237.0	330.0	0.4420206546783447	11.0	4.0
240.0	240.0	330.0	0.45369839668273926	11.0	4.0
244.0	244.0	330.0	0.4761061668395996	11.0	4.0
247.0	247.0	330.0	0.4838693141937256	11.0	4.0
250.0	250.0	330.0	0.495680570602417	11.0	4.0
254.0	254.0	330.0	0.5093080997467041	11.0	4.0
257.0	257.0	330.0	0.5163850784301758	11.0	4.0
260.0	260.0	330.0	0.5249326229095459	11.0	4.0
264.0	264.0	330.0	0.5442745685577393	11.0	4.0
267.0	267.0	330.0	0.5532464981079102	11.0	4.0
270.0	270.0	330.0	0.5769426822662354	11.0	4.0
273.0	273.0	330.0	0.5902948379516602	11.0	4.0
277.0	277.0	330.0	0.5953707695007324	11.0	4.0
280.0	280.0	330.0	0.6112749576568604	11.0	4.0
283.0	283.0	330.0	0.6419050693511963	11.0	4.0
287.0	287.0	330.0	0.6522057056427002	11.0	4.0
290.0	290.0	330.0	0.6738276481628418	11.0	4.0
293.0	293.0	330.0	0.7088797092437744	11.0	4.0
297.0	297.0	330.0	0.7529966831207275	11.0	4.0
300.0	300.0	330.0	0.7338471412658691	11.0	4.0
303.0	303.0	330.0	20.739417552947998	11.0	4.0
306.0	306.0	330.0	1.177558422088623	11.0	4.0
310.0	310.0	330.0	4.312983751296997	11.0	4.0
313.0	0.0	330.0	400.00147676467896	11.0	4.0
316.0	316.0	330.0	321.13078594207764	11.0	4.0
320.0	0.0	330.0	400.0006310939789	11.0	4.0
323.0	0.0	330.0	400.0007028579712	11.0	4.0
326.0	0.0	330.0	400.00061225891113	11.0	4.0
277.0	277.0	462.0	0.6084928512573242	11.0	5.0
281.0	281.0	462.0	0.604240894317627	11.0	5.0
286.0	286.0	462.0	0.6142146587371826	11.0	5.0
291.0	291.0	462.0	0.6323060989379883	11.0	5.0
295.0	295.0	462.0	0.6914567947387695	11.0	5.0
300.0	300.0	462.0	0.6949131488800049	11.0	5.0
304.0	304.0	462.0	0.7009291648864746	11.0	5.0
309.0	309.0	462.0	0.7677185535430908	11.0	5.0
314.0	314.0	462.0	0.7484161853790283	11.0	5.0
318.0	318.0	462.0	0.7603058815002441	11.0	5.0
323.0	323.0	462.0	0.8063099384307861	11.0	5.0
328.0	328.0	462.0	0.8049254417419434	11.0	5.0
332.0	332.0	462.0	0.8324980735778809	11.0	5.0
337.0	337.0	462.0	0.8438129425048828	11.0	5.0
341.0	341.0	462.0	0.8928461074829102	11.0	5.0
346.0	346.0	462.0	0.8911936283111572	11.0	5.0
351.0	351.0	462.0	0.9119706153869629	11.0	5.0
355.0	355.0	462.0	0.9405720233917236	11.0	5.0
360.0	360.0	462.0	0.9900758266448975	11.0	5.0
364.0	364.0	462.0	1.0263900756835938	11.0	5.0
369.0	369.0	462.0	1.095855474472046	11.0	5.0
374.0	374.0	462.0	1.0490081310272217	11.0	5.0
378.0	378.0	462.0	1.0997228622436523	11.0	5.0
383.0	383.0	462.0	1.120985507965088	11.0	5.0
388.0	388.0	462.0	1.2044439315795898	11.0	5.0
392.0	392.0	462.0	1.1998090744018555	11.0	5.0
397.0	397.0	462.0	72.49250984191895	11.0	5.0
401.0	0.0	462.0	400.001314163208	11.0	5.0
406.0	0.0	462.0	400.0016460418701	11.0	5.0
411.0	0.0	462.0	400.00073194503784	11.0	5.0
415.0	0.0	462.0	400.0006380081177	11.0	5.0
420.0	0.0	462.0	400.00071120262146	11.0	5.0
425.0	0.0	462.0	400.00079011917114	11.0	5.0
429.0	0.0	462.0	400.00088334083557	11.0	5.0
434.0	0.0	462.0	400.0008764266968	11.0	5.0
438.0	0.0	462.0	400.00173449516296	11.0	5.0
443.0	0.0	462.0	400.00072407722473	11.0	5.0
448.0	0.0	462.0	400.0007562637329	11.0	5.0
452.0	0.0	462.0	400.0008535385132	11.0	5.0
457.0	0.0	462.0	400.00068497657776	11.0	5.0
198.0	198.0	330.0	0.37723517417907715	11.0	6.0
201.0	201.0	330.0	0.3266761302947998	11.0	6.0
204.0	204.0	330.0	0.33614516258239746	11.0	6.0
207.0	207.0	330.0	0.41190528869628906	11.0	6.0
211.0	211.0	330.0	0.3539738655090332	11.0	6.0
214.0	214.0	330.0	0.36234426498413086	11.0	6.0
217.0	217.0	330.0	0.37287092208862305	11.0	6.0
221.0	221.0	330.0	0.44981861114501953	11.0	6.0
224.0	224.0	330.0	0.3942856788635254	11.0	6.0
227.0	227.0	330.0	0.4091203212738037	11.0	6.0
231.0	231.0	330.0	0.515019416809082	11.0	6.0
234.0	234.0	330.0	0.42894721031188965	11.0	6.0
237.0	237.0	330.0	0.43811798095703125	11.0	6.0
240.0	240.0	330.0	0.4792361259460449	11.0	6.0
244.0	244.0	330.0	0.46446776390075684	11.0	6.0
247.0	247.0	330.0	0.4789721965789795	11.0	6.0
250.0	250.0	330.0	0.5432493686676025	11.0	6.0
254.0	254.0	330.0	0.497175931930542	11.0	6.0
257.0	257.0	330.0	0.5178322792053223	11.0	6.0
260.0	260.0	330.0	0.5480916500091553	11.0	6.0
264.0	264.0	330.0	0.5645332336425781	11.0	6.0
267.0	267.0	330.0	0.6137616634368896	11.0	6.0
270.0	270.0	330.0	0.5622756481170654	11.0	6.0
273.0	273.0	330.0	0.6415548324584961	11.0	6.0
277.0	277.0	330.0	0.6000790596008301	11.0	6.0
280.0	280.0	330.0	0.6690247058868408	11.0	6.0
283.0	283.0	330.0	0.6244447231292725	11.0	6.0
287.0	287.0	330.0	0.6481838226318359	11.0	6.0
290.0	290.0	330.0	0.7480919361114502	11.0	6.0
293.0	293.0	330.0	0.687727689743042	11.0	6.0
297.0	297.0	330.0	0.7112720012664795	11.0	6.0
300.0	300.0	330.0	1.268869400024414	11.0	6.0
303.0	303.0	330.0	0.8719851970672607	11.0	6.0
306.0	306.0	330.0	0.802236795425415	11.0	6.0
310.0	310.0	330.0	0.8081505298614502	11.0	6.0
313.0	0.0	330.0	400.0006046295166	11.0	6.0
316.0	0.0	330.0	400.0006320476532	11.0	6.0
320.0	0.0	330.0	400.0005831718445	11.0	6.0
323.0	0.0	330.0	400.0005111694336	11.0	6.0
326.0	0.0	330.0	400.00075459480286	11.0	6.0
99.0	99.0	165.0	0.09886288642883301	11.0	7.0
100.0	100.0	165.0	0.10886812210083008	11.0	7.0
102.0	102.0	165.0	0.12632489204406738	11.0	7.0
103.0	103.0	165.0	0.10450267791748047	11.0	7.0
105.0	105.0	165.0	0.1090402603149414	11.0	7.0
107.0	107.0	165.0	0.11196613311767578	11.0	7.0
108.0	108.0	165.0	0.11404919624328613	11.0	7.0
110.0	110.0	165.0	0.11831903457641602	11.0	7.0
112.0	112.0	165.0	0.12025880813598633	11.0	7.0
113.0	113.0	165.0	0.12325572967529297	11.0	7.0
115.0	115.0	165.0	0.12540459632873535	11.0	7.0
117.0	117.0	165.0	0.13175010681152344	11.0	7.0
118.0	118.0	165.0	0.13271665573120117	11.0	7.0
120.0	120.0	165.0	0.1537322998046875	11.0	7.0
122.0	122.0	165.0	0.1506330966949463	11.0	7.0
123.0	123.0	165.0	0.1416475772857666	11.0	7.0
125.0	125.0	165.0	0.14545488357543945	11.0	7.0
127.0	127.0	165.0	0.14752864837646484	11.0	7.0
128.0	128.0	165.0	0.1532759666442871	11.0	7.0
130.0	130.0	165.0	0.15988540649414062	11.0	7.0
132.0	132.0	165.0	0.15994787216186523	11.0	7.0
133.0	133.0	165.0	0.16724133491516113	11.0	7.0
135.0	135.0	165.0	0.2229626178741455	11.0	7.0
136.0	136.0	165.0	0.17356181144714355	11.0	7.0
138.0	138.0	165.0	0.17601323127746582	11.0	7.0
140.0	140.0	165.0	0.1771528720855713	11.0	7.0
141.0	141.0	165.0	0.17916083335876465	11.0	7.0
143.0	143.0	165.0	0.18643975257873535	11.0	7.0
145.0	145.0	165.0	0.19608759880065918	11.0	7.0
146.0	146.0	165.0	0.19997859001159668	11.0	7.0
148.0	148.0	165.0	0.26421260833740234	11.0	7.0
150.0	150.0	165.0	0.21010947227478027	11.0	7.0
151.0	151.0	165.0	0.21390223503112793	11.0	7.0
153.0	153.0	165.0	0.26662230491638184	11.0	7.0
155.0	155.0	165.0	0.9518592357635498	11.0	7.0
156.0	156.0	165.0	1.4077496528625488	11.0	7.0
158.0	158.0	165.0	9.340522527694702	11.0	7.0
160.0	160.0	165.0	0.46753907203674316	11.0	7.0
161.0	161.0	165.0	0.6493856906890869	11.0	7.0
163.0	163.0	165.0	2.5633058547973633	11.0	7.0
33.0	33.0	55.0	0.019047975540161133	11.0	8.0
33.0	33.0	55.0	0.018950939178466797	11.0	8.0
34.0	34.0	55.0	0.019458770751953125	11.0	8.0
34.0	34.0	55.0	0.01990509033203125	11.0	8.0
35.0	35.0	55.0	0.020552873611450195	11.0	8.0
35.0	35.0	55.0	0.020633935928344727	11.0	8.0
36.0	36.0	55.0	0.02165818214416504	11.0	8.0
36.0	36.0	55.0	0.021270275115966797	11.0	8.0
37.0	37.0	55.0	0.022182464599609375	11.0	8.0
37.0	37.0	55.0	0.023520708084106445	11.0	8.0
38.0	38.0	55.0	0.023116588592529297	11.0	8.0
39.0	39.0	55.0	0.02457261085510254	11.0	8.0
39.0	39.0	55.0	0.024876832962036133	11.0	8.0
40.0	40.0	55.0	0.025475740432739258	11.0	8.0
40.0	40.0	55.0	0.02501058578491211	11.0	8.0
41.0	41.0	55.0	0.026404380798339844	11.0	8.0
41.0	41.0	55.0	0.027239322662353516	11.0	8.0
42.0	42.0	55.0	0.02699112892150879	11.0	8.0
42.0	42.0	55.0	0.027082204818725586	11.0	8.0
43.0	43.0	55.0	0.028084754943847656	11.0	8.0
44.0	44.0	55.0	0.029236555099487305	11.0	8.0
44.0	44.0	55.0	0.02876758575439453	11.0	8.0
45.0	45.0	55.0	0.03025960922241211	11.0	8.0
45.0	45.0	55.0	0.02989029884338379	11.0	8.0
46.0	46.0	55.0	0.030817031860351562	11.0	8.0
46.0	46.0	55.0	0.030788421630859375	11.0	8.0
47.0	47.0	55.0	0.031440019607543945	11.0	8.0
47.0	47.0	55.0	0.03413653373718262	11.0	8.0
48.0	48.0	55.0	0.03414320945739746	11.0	8.0
48.0	48.0	55.0	0.0341489315032959	11.0	8.0
49.0	49.0	55.0	0.037802696228027344	11.0	8.0
50.0	50.0	55.0	0.03536367416381836	11.0	8.0
50.0	50.0	55.0	0.03464365005493164	11.0	8.0
51.0	51.0	55.0	0.04768800735473633	11.0	8.0
51.0	51.0	55.0	0.038012027740478516	11.0	8.0
52.0	52.0	55.0	0.04303598403930664	11.0	8.0
52.0	52.0	55.0	0.03749704360961914	11.0	8.0
53.0	53.0	55.0	0.1292743682861328	11.0	8.0
53.0	53.0	55.0	0.03864693641662598	11.0	8.0
54.0	54.0	55.0	0.11640238761901855	11.0	8.0
6.0	6.0	11.0	0.002318143844604492	11.0	9.0
6.0	6.0	11.0	0.002166748046875	11.0	9.0
6.0	6.0	11.0	0.002159595489501953	11.0	9.0
6.0	6.0	11.0	0.002171754837036133	11.0	9.0
7.0	7.0	11.0	0.0026090145111083984	11.0	9.0
7.0	7.0	11.0	0.002590656280517578	11.0	9.0
7.0	7.0	11.0	0.0025856494903564453	11.0	9.0
7.0	7.0	11.0	0.002580404281616211	11.0	9.0
7.0	7.0	11.0	0.002587556838989258	11.0	9.0
7.0	7.0	11.0	0.002599954605102539	11.0	9.0
7.0	7.0	11.0	0.002579927444458008	11.0	9.0
7.0	7.0	11.0	0.002597808837890625	11.0	9.0
7.0	7.0	11.0	0.00258636474609375	11.0	9.0
8.0	8.0	11.0	0.0030527114868164062	11.0	9.0
8.0	8.0	11.0	0.003070354461669922	11.0	9.0
8.0	8.0	11.0	0.0030579566955566406	11.0	9.0
8.0	8.0	11.0	0.003055572509765625	11.0	9.0
8.0	8.0	11.0	0.003025531768798828	11.0	9.0
8.0	8.0	11.0	0.0030565261840820312	11.0	9.0
8.0	8.0	11.0	0.0030546188354492188	11.0	9.0
8.0	8.0	11.0	0.003038167953491211	11.0	9.0
8.0	8.0	11.0	0.003052949905395508	11.0	9.0
9.0	9.0	11.0	0.0035080909729003906	11.0	9.0
9.0	9.0	11.0	0.0035026073455810547	11.0	9.0
9.0	9.0	11.0	0.003512859344482422	11.0	9.0
9.0	9.0	11.0	0.0035152435302734375	11.0	9.0
9.0	9.0	11.0	0.0035202503204345703	11.0	9.0
9.0	9.0	11.0	0.003505229949951172	11.0	9.0
9.0	9.0	11.0	0.0034961700439453125	11.0	9.0
9.0	9.0	11.0	0.0035223960876464844	11.0	9.0
9.0	9.0	11.0	0.003494739532470703	11.0	9.0
10.0	10.0	11.0	0.003989458084106445	11.0	9.0
10.0	10.0	11.0	0.003976583480834961	11.0	9.0
10.0	10.0	11.0	0.003981828689575195	11.0	9.0
10.0	10.0	11.0	0.004107236862182617	11.0	9.0
10.0	10.0	11.0	0.003977775573730469	11.0	9.0
10.0	10.0	11.0	0.003969669342041016	11.0	9.0
10.0	10.0	11.0	0.003988504409790039	11.0	9.0
10.0	10.0	11.0	0.0040569305419921875	11.0	9.0
10.0	10.0	11.0	0.0039920806884765625	11.0	9.0
39.0	39.0	66.0	0.02728724479675293	12.0	2.0
40.0	40.0	66.0	0.028171539306640625	12.0	2.0
40.0	40.0	66.0	0.027801513671875	12.0	2.0
41.0	41.0	66.0	0.02977275848388672	12.0	2.0
42.0	42.0	66.0	0.03032994270324707	12.0	2.0
42.0	42.0	66.0	0.030125141143798828	12.0	2.0
43.0	43.0	66.0	0.03143739700317383	12.0	2.0
44.0	44.0	66.0	0.03272891044616699	12.0	2.0
44.0	44.0	66.0	0.032912492752075195	12.0	2.0
45.0	45.0	66.0	0.03321027755737305	12.0	2.0
46.0	46.0	66.0	0.035314321517944336	12.0	2.0
46.0	46.0	66.0	0.03482508659362793	12.0	2.0
47.0	47.0	66.0	0.0355374813079834	12.0	2.0
48.0	48.0	66.0	0.03733062744140625	12.0	2.0
48.0	48.0	66.0	0.03751707077026367	12.0	2.0
49.0	49.0	66.0	0.03789234161376953	12.0	2.0
50.0	50.0	66.0	0.0391237735748291	12.0	2.0
50.0	50.0	66.0	0.03921246528625488	12.0	2.0
51.0	51.0	66.0	0.041925907135009766	12.0	2.0
52.0	52.0	66.0	0.04160118103027344	12.0	2.0
52.0	52.0	66.0	0.042756080627441406	12.0	2.0
53.0	53.0	66.0	0.04288125038146973	12.0	2.0
54.0	54.0	66.0	0.044518470764160156	12.0	2.0
54.0	54.0	66.0	0.04488992691040039	12.0	2.0
55.0	55.0	66.0	0.04437398910522461	12.0	2.0
56.0	56.0	66.0	0.0530552864074707	12.0	2.0
56.0	56.0	66.0	0.048326969146728516	12.0	2.0
57.0	57.0	66.0	0.061161041259765625	12.0	2.0
58.0	58.0	66.0	0.06201601028442383	12.0	2.0
58.0	58.0	66.0	0.052370548248291016	12.0	2.0
59.0	59.0	66.0	0.05463266372680664	12.0	2.0
60.0	60.0	66.0	0.05451154708862305	12.0	2.0
60.0	60.0	66.0	0.05667734146118164	12.0	2.0
61.0	61.0	66.0	0.05529642105102539	12.0	2.0
62.0	62.0	66.0	0.05751395225524902	12.0	2.0
62.0	62.0	66.0	0.056549787521362305	12.0	2.0
63.0	63.0	66.0	0.15841460227966309	12.0	2.0
64.0	64.0	66.0	0.07380199432373047	12.0	2.0
64.0	64.0	66.0	0.06058478355407715	12.0	2.0
65.0	65.0	66.0	0.9491367340087891	12.0	2.0
132.0	132.0	220.0	0.18484091758728027	12.0	3.0
134.0	134.0	220.0	0.1919105052947998	12.0	3.0
136.0	136.0	220.0	0.19495129585266113	12.0	3.0
138.0	138.0	220.0	0.20683670043945312	12.0	3.0
140.0	140.0	220.0	0.22602319717407227	12.0	3.0
143.0	143.0	220.0	0.21053504943847656	12.0	3.0
145.0	145.0	220.0	0.21717500686645508	12.0	3.0
147.0	147.0	220.0	0.2277545928955078	12.0	3.0
149.0	149.0	220.0	0.2288503646850586	12.0	3.0
151.0	151.0	220.0	0.2531616687774658	12.0	3.0
154.0	154.0	220.0	0.2537956237792969	12.0	3.0
156.0	156.0	220.0	0.24822354316711426	12.0	3.0
158.0	158.0	220.0	0.3083922863006592	12.0	3.0
160.0	160.0	220.0	0.26083970069885254	12.0	3.0
162.0	162.0	220.0	0.27089643478393555	12.0	3.0
165.0	165.0	220.0	0.3006882667541504	12.0	3.0
167.0	167.0	220.0	0.2828514575958252	12.0	3.0
169.0	169.0	220.0	0.2843141555786133	12.0	3.0
171.0	171.0	220.0	0.2966458797454834	12.0	3.0
173.0	173.0	220.0	0.3286128044128418	12.0	3.0
176.0	176.0	220.0	0.30895161628723145	12.0	3.0
178.0	178.0	220.0	0.316713809967041	12.0	3.0
180.0	180.0	220.0	0.33022427558898926	12.0	3.0
182.0	182.0	220.0	0.3663747310638428	12.0	3.0
184.0	184.0	220.0	0.3432729244232178	12.0	3.0
187.0	187.0	220.0	0.3659672737121582	12.0	3.0
189.0	189.0	220.0	0.3992655277252197	12.0	3.0
191.0	191.0	220.0	0.3684368133544922	12.0	3.0
193.0	193.0	220.0	0.37603020668029785	12.0	3.0
195.0	195.0	220.0	0.3890364170074463	12.0	3.0
198.0	198.0	220.0	0.42647433280944824	12.0	3.0
200.0	200.0	220.0	0.4234275817871094	12.0	3.0
202.0	202.0	220.0	0.4203610420227051	12.0	3.0
204.0	204.0	220.0	0.49646449089050293	12.0	3.0
206.0	206.0	220.0	0.43578553199768066	12.0	3.0
209.0	209.0	220.0	1.1119213104248047	12.0	3.0
211.0	211.0	220.0	1.8134753704071045	12.0	3.0
213.0	213.0	220.0	2.7753853797912598	12.0	3.0
215.0	215.0	220.0	25.173194885253906	12.0	3.0
217.0	217.0	220.0	29.975302934646606	12.0	3.0
297.0	297.0	495.0	0.8233485221862793	12.0	4.0
301.0	301.0	495.0	0.9169044494628906	12.0	4.0
306.0	306.0	495.0	0.893000602722168	12.0	4.0
311.0	311.0	495.0	0.9417080879211426	12.0	4.0
316.0	316.0	495.0	0.9142425060272217	12.0	4.0
321.0	321.0	495.0	0.9029076099395752	12.0	4.0
326.0	326.0	495.0	0.9677438735961914	12.0	4.0
331.0	331.0	495.0	0.9915556907653809	12.0	4.0
336.0	336.0	495.0	1.0709381103515625	12.0	4.0
341.0	341.0	495.0	1.079148292541504	12.0	4.0
346.0	346.0	495.0	1.042776107788086	12.0	4.0
351.0	351.0	495.0	1.1026942729949951	12.0	4.0
356.0	356.0	495.0	1.1290137767791748	12.0	4.0
361.0	361.0	495.0	1.1775720119476318	12.0	4.0
366.0	366.0	495.0	1.2675838470458984	12.0	4.0
371.0	371.0	495.0	1.2530672550201416	12.0	4.0
376.0	376.0	495.0	1.293367624282837	12.0	4.0
381.0	381.0	495.0	1.3180193901062012	12.0	4.0
386.0	386.0	495.0	1.3691871166229248	12.0	4.0
391.0	391.0	495.0	1.3896279335021973	12.0	4.0
396.0	396.0	495.0	1.4422945976257324	12.0	4.0
400.0	400.0	495.0	1.489316463470459	12.0	4.0
405.0	405.0	495.0	1.5057353973388672	12.0	4.0
410.0	410.0	495.0	1.5895648002624512	12.0	4.0
415.0	415.0	495.0	1.5204968452453613	12.0	4.0
420.0	420.0	495.0	1.6135399341583252	12.0	4.0
425.0	425.0	495.0	1.6555981636047363	12.0	4.0
430.0	430.0	495.0	1.678551197052002	12.0	4.0
435.0	435.0	495.0	1.713196039199829	12.0	4.0
440.0	440.0	495.0	1.830758810043335	12.0	4.0
445.0	445.0	495.0	1.9741570949554443	12.0	4.0
450.0	450.0	495.0	2.002856492996216	12.0	4.0
455.0	455.0	495.0	3.1192197799682617	12.0	4.0
460.0	460.0	495.0	2.207090377807617	12.0	4.0
465.0	465.0	495.0	2.058842658996582	12.0	4.0
470.0	0.0	495.0	400.00088477134705	12.0	4.0
475.0	475.0	495.0	15.758233070373535	12.0	4.0
480.0	480.0	495.0	242.37100768089294	12.0	4.0
485.0	0.0	495.0	400.00098514556885	12.0	4.0
490.0	0.0	495.0	400.000864982605	12.0	4.0
475.0	475.0	792.0	1.9861423969268799	12.0	5.0
483.0	483.0	792.0	2.049010992050171	12.0	5.0
491.0	491.0	792.0	2.1270344257354736	12.0	5.0
498.0	498.0	792.0	2.1803181171417236	12.0	5.0
506.0	506.0	792.0	2.2322659492492676	12.0	5.0
514.0	514.0	792.0	2.3489980697631836	12.0	5.0
522.0	522.0	792.0	2.412750720977783	12.0	5.0
530.0	530.0	792.0	2.5329134464263916	12.0	5.0
538.0	538.0	792.0	2.506439447402954	12.0	5.0
546.0	546.0	792.0	2.5833780765533447	12.0	5.0
554.0	554.0	792.0	2.6360905170440674	12.0	5.0
562.0	562.0	792.0	2.8063650131225586	12.0	5.0
570.0	570.0	792.0	2.8226215839385986	12.0	5.0
578.0	578.0	792.0	2.8740408420562744	12.0	5.0
586.0	586.0	792.0	2.877054214477539	12.0	5.0
594.0	594.0	792.0	3.0867855548858643	12.0	5.0
601.0	601.0	792.0	3.1638903617858887	12.0	5.0
609.0	609.0	792.0	3.191986560821533	12.0	5.0
617.0	617.0	792.0	3.3456358909606934	12.0	5.0
625.0	625.0	792.0	3.459000825881958	12.0	5.0
633.0	633.0	792.0	3.572993278503418	12.0	5.0
641.0	641.0	792.0	3.6112658977508545	12.0	5.0
649.0	649.0	792.0	3.72292423248291	12.0	5.0
657.0	657.0	792.0	3.6831440925598145	12.0	5.0
665.0	665.0	792.0	3.881397247314453	12.0	5.0
673.0	673.0	792.0	4.126986980438232	12.0	5.0
681.0	681.0	792.0	4.206974029541016	12.0	5.0
689.0	689.0	792.0	4.399240970611572	12.0	5.0
696.0	696.0	792.0	4.691088676452637	12.0	5.0
704.0	704.0	792.0	4.815356969833374	12.0	5.0
712.0	712.0	792.0	4.593396425247192	12.0	5.0
720.0	720.0	792.0	5.024110555648804	12.0	5.0
728.0	728.0	792.0	5.751365900039673	12.0	5.0
736.0	0.0	792.0	400.001193523407	12.0	5.0
744.0	0.0	792.0	400.0012276172638	12.0	5.0
752.0	0.0	792.0	400.00119137763977	12.0	5.0
760.0	0.0	792.0	400.0012764930725	12.0	5.0
768.0	0.0	792.0	400.0012776851654	12.0	5.0
776.0	0.0	792.0	400.0011782646179	12.0	5.0
784.0	0.0	792.0	400.0011787414551	12.0	5.0
475.0	475.0	792.0	1.9947335720062256	12.0	6.0
483.0	483.0	792.0	2.1019036769866943	12.0	6.0
491.0	491.0	792.0	2.1242244243621826	12.0	6.0
498.0	498.0	792.0	2.2216858863830566	12.0	6.0
506.0	506.0	792.0	2.387021064758301	12.0	6.0
514.0	514.0	792.0	2.4478273391723633	12.0	6.0
522.0	522.0	792.0	2.380825996398926	12.0	6.0
530.0	530.0	792.0	2.5206656455993652	12.0	6.0
538.0	538.0	792.0	2.591712236404419	12.0	6.0
546.0	546.0	792.0	2.661912441253662	12.0	6.0
554.0	554.0	792.0	2.7812581062316895	12.0	6.0
562.0	562.0	792.0	2.7319562435150146	12.0	6.0
570.0	570.0	792.0	2.820781707763672	12.0	6.0
578.0	578.0	792.0	2.877260208129883	12.0	6.0
586.0	586.0	792.0	2.9839065074920654	12.0	6.0
594.0	594.0	792.0	3.125236988067627	12.0	6.0
601.0	601.0	792.0	3.293006658554077	12.0	6.0
609.0	609.0	792.0	3.174436092376709	12.0	6.0
617.0	617.0	792.0	3.464970827102661	12.0	6.0
625.0	625.0	792.0	3.4414665699005127	12.0	6.0
633.0	633.0	792.0	3.5243189334869385	12.0	6.0
641.0	641.0	792.0	3.5510811805725098	12.0	6.0
649.0	649.0	792.0	3.707376718521118	12.0	6.0
657.0	657.0	792.0	3.8400065898895264	12.0	6.0
665.0	665.0	792.0	3.90976881980896	12.0	6.0
673.0	673.0	792.0	4.0547404289245605	12.0	6.0
681.0	681.0	792.0	4.234404802322388	12.0	6.0
689.0	689.0	792.0	4.454428434371948	12.0	6.0
696.0	696.0	792.0	4.3246238231658936	12.0	6.0
704.0	704.0	792.0	4.317745923995972	12.0	6.0
712.0	712.0	792.0	6.97144341468811	12.0	6.0
720.0	720.0	792.0	370.7514297962189	12.0	6.0
728.0	728.0	792.0	24.127243041992188	12.0	6.0
736.0	0.0	792.0	400.00131344795227	12.0	6.0
744.0	0.0	792.0	400.00117540359497	12.0	6.0
752.0	0.0	792.0	400.00139331817627	12.0	6.0
760.0	0.0	792.0	400.0012927055359	12.0	6.0
768.0	0.0	792.0	400.0014908313751	12.0	6.0
776.0	0.0	792.0	400.00120520591736	12.0	6.0
784.0	0.0	792.0	400.0013644695282	12.0	6.0
297.0	297.0	495.0	0.8327906131744385	12.0	7.0
301.0	301.0	495.0	0.8310449123382568	12.0	7.0
306.0	306.0	495.0	0.8416764736175537	12.0	7.0
311.0	311.0	495.0	0.9089531898498535	12.0	7.0
316.0	316.0	495.0	0.9465246200561523	12.0	7.0
321.0	321.0	495.0	0.9861805438995361	12.0	7.0
326.0	326.0	495.0	0.9624807834625244	12.0	7.0
331.0	331.0	495.0	1.036808967590332	12.0	7.0
336.0	336.0	495.0	1.0355501174926758	12.0	7.0
341.0	341.0	495.0	1.0555319786071777	12.0	7.0
346.0	346.0	495.0	1.0683984756469727	12.0	7.0
351.0	351.0	495.0	1.1124324798583984	12.0	7.0
356.0	356.0	495.0	1.1530976295471191	12.0	7.0
361.0	361.0	495.0	1.19822096824646	12.0	7.0
366.0	366.0	495.0	1.302520513534546	12.0	7.0
371.0	371.0	495.0	1.2639169692993164	12.0	7.0
376.0	376.0	495.0	1.3130667209625244	12.0	7.0
381.0	381.0	495.0	1.3330812454223633	12.0	7.0
386.0	386.0	495.0	1.3277056217193604	12.0	7.0
391.0	391.0	495.0	1.3398618698120117	12.0	7.0
396.0	396.0	495.0	1.4576613903045654	12.0	7.0
400.0	400.0	495.0	1.409942626953125	12.0	7.0
405.0	405.0	495.0	1.5078060626983643	12.0	7.0
410.0	410.0	495.0	1.4925363063812256	12.0	7.0
415.0	415.0	495.0	1.5730419158935547	12.0	7.0
420.0	420.0	495.0	1.570526123046875	12.0	7.0
425.0	425.0	495.0	1.695087194442749	12.0	7.0
430.0	430.0	495.0	1.7158896923065186	12.0	7.0
435.0	435.0	495.0	1.777585744857788	12.0	7.0
440.0	440.0	495.0	1.772933006286621	12.0	7.0
445.0	445.0	495.0	1.8219327926635742	12.0	7.0
450.0	450.0	495.0	1.9217557907104492	12.0	7.0
455.0	455.0	495.0	2.051518440246582	12.0	7.0
460.0	460.0	495.0	2.4621164798736572	12.0	7.0
465.0	465.0	495.0	7.191161394119263	12.0	7.0
470.0	470.0	495.0	69.86620807647705	12.0	7.0
475.0	0.0	495.0	400.0010070800781	12.0	7.0
480.0	0.0	495.0	400.0009231567383	12.0	7.0
485.0	0.0	495.0	400.0010712146759	12.0	7.0
490.0	0.0	495.0	400.0009548664093	12.0	7.0
132.0	132.0	220.0	0.1883082389831543	12.0	8.0
134.0	134.0	220.0	0.18755269050598145	12.0	8.0
136.0	136.0	220.0	0.19494056701660156	12.0	8.0
138.0	138.0	220.0	0.30291008949279785	12.0	8.0
140.0	140.0	220.0	0.20816349983215332	12.0	8.0
143.0	143.0	220.0	0.21332478523254395	12.0	8.0
145.0	145.0	220.0	0.21687054634094238	12.0	8.0
147.0	147.0	220.0	0.22694015502929688	12.0	8.0
149.0	149.0	220.0	0.22877049446105957	12.0	8.0
151.0	151.0	220.0	0.24489593505859375	12.0	8.0
154.0	154.0	220.0	0.29794788360595703	12.0	8.0
156.0	156.0	220.0	0.26843857765197754	12.0	8.0
158.0	158.0	220.0	0.2861192226409912	12.0	8.0
160.0	160.0	220.0	0.2953064441680908	12.0	8.0
162.0	162.0	220.0	0.3046731948852539	12.0	8.0
165.0	165.0	220.0	0.32852673530578613	12.0	8.0
167.0	167.0	220.0	0.30347371101379395	12.0	8.0
169.0	169.0	220.0	0.31098437309265137	12.0	8.0
171.0	171.0	220.0	0.35791730880737305	12.0	8.0
173.0	173.0	220.0	0.32326769828796387	12.0	8.0
176.0	176.0	220.0	0.3589603900909424	12.0	8.0
178.0	178.0	220.0	0.3318912982940674	12.0	8.0
180.0	180.0	220.0	0.3918442726135254	12.0	8.0
182.0	182.0	220.0	0.35790324211120605	12.0	8.0
184.0	184.0	220.0	0.36139559745788574	12.0	8.0
187.0	187.0	220.0	0.378633975982666	12.0	8.0
189.0	189.0	220.0	0.39366912841796875	12.0	8.0
191.0	191.0	220.0	0.37909650802612305	12.0	8.0
193.0	193.0	220.0	0.37758755683898926	12.0	8.0
195.0	195.0	220.0	0.3896496295928955	12.0	8.0
198.0	198.0	220.0	0.4086437225341797	12.0	8.0
200.0	200.0	220.0	0.410017728805542	12.0	8.0
202.0	202.0	220.0	0.44196152687072754	12.0	8.0
204.0	204.0	220.0	0.43393564224243164	12.0	8.0
206.0	206.0	220.0	0.7463514804840088	12.0	8.0
209.0	209.0	220.0	5.740926504135132	12.0	8.0
211.0	211.0	220.0	3.7581615447998047	12.0	8.0
213.0	213.0	220.0	8.625376224517822	12.0	8.0
215.0	215.0	220.0	7.463068962097168	12.0	8.0
217.0	217.0	220.0	3.5078563690185547	12.0	8.0
39.0	39.0	66.0	0.02813434600830078	12.0	9.0
40.0	40.0	66.0	0.029709577560424805	12.0	9.0
40.0	40.0	66.0	0.029875516891479492	12.0	9.0
41.0	41.0	66.0	0.02964019775390625	12.0	9.0
42.0	42.0	66.0	0.03057384490966797	12.0	9.0
42.0	42.0	66.0	0.031090974807739258	12.0	9.0
43.0	43.0	66.0	0.03142571449279785	12.0	9.0
44.0	44.0	66.0	0.03286266326904297	12.0	9.0
44.0	44.0	66.0	0.03231048583984375	12.0	9.0
45.0	45.0	66.0	0.0333552360534668	12.0	9.0
46.0	46.0	66.0	0.03459358215332031	12.0	9.0
46.0	46.0	66.0	0.034966230392456055	12.0	9.0
47.0	47.0	66.0	0.03582119941711426	12.0	9.0
48.0	48.0	66.0	0.037853240966796875	12.0	9.0
48.0	48.0	66.0	0.037213802337646484	12.0	9.0
49.0	49.0	66.0	0.039342403411865234	12.0	9.0
50.0	50.0	66.0	0.039786577224731445	12.0	9.0
50.0	50.0	66.0	0.03959393501281738	12.0	9.0
51.0	51.0	66.0	0.04051470756530762	12.0	9.0
52.0	52.0	66.0	0.04172706604003906	12.0	9.0
52.0	52.0	66.0	0.04189753532409668	12.0	9.0
53.0	53.0	66.0	0.04227185249328613	12.0	9.0
54.0	54.0	66.0	0.048547983169555664	12.0	9.0
54.0	54.0	66.0	0.048500776290893555	12.0	9.0
55.0	55.0	66.0	0.05938434600830078	12.0	9.0
56.0	56.0	66.0	0.06003975868225098	12.0	9.0
56.0	56.0	66.0	0.05303359031677246	12.0	9.0
57.0	57.0	66.0	0.0534670352935791	12.0	9.0
58.0	58.0	66.0	0.0516970157623291	12.0	9.0
58.0	58.0	66.0	0.053339242935180664	12.0	9.0
59.0	59.0	66.0	0.05450129508972168	12.0	9.0
60.0	60.0	66.0	0.05659079551696777	12.0	9.0
60.0	60.0	66.0	0.05345869064331055	12.0	9.0
61.0	61.0	66.0	0.057532310485839844	12.0	9.0
62.0	62.0	66.0	0.057050228118896484	12.0	9.0
62.0	62.0	66.0	0.059297800064086914	12.0	9.0
63.0	63.0	66.0	0.1810164451599121	12.0	9.0
64.0	64.0	66.0	9.046010494232178	12.0	9.0
64.0	64.0	66.0	0.10765314102172852	12.0	9.0
65.0	65.0	66.0	0.20721125602722168	12.0	9.0
7.0	7.0	12.0	0.0032455921173095703	12.0	10.0
7.0	7.0	12.0	0.003036022186279297	12.0	10.0
7.0	7.0	12.0	0.003025531768798828	12.0	10.0
7.0	7.0	12.0	0.0030333995819091797	12.0	10.0
7.0	7.0	12.0	0.0030231475830078125	12.0	10.0
7.0	7.0	12.0	0.0028891563415527344	12.0	10.0
7.0	7.0	12.0	0.0028765201568603516	12.0	10.0
8.0	8.0	12.0	0.003391742706298828	12.0	10.0
8.0	8.0	12.0	0.0034639835357666016	12.0	10.0
8.0	8.0	12.0	0.003522157669067383	12.0	10.0
8.0	8.0	12.0	0.0035881996154785156	12.0	10.0
8.0	8.0	12.0	0.0033965110778808594	12.0	10.0
8.0	8.0	12.0	0.003451824188232422	12.0	10.0
8.0	8.0	12.0	0.003485441207885742	12.0	10.0
8.0	8.0	12.0	0.0034024715423583984	12.0	10.0
9.0	9.0	12.0	0.003922939300537109	12.0	10.0
9.0	9.0	12.0	0.0039899349212646484	12.0	10.0
9.0	9.0	12.0	0.003902912139892578	12.0	10.0
9.0	9.0	12.0	0.003889799118041992	12.0	10.0
9.0	9.0	12.0	0.00426936149597168	12.0	10.0
9.0	9.0	12.0	0.00422978401184082	12.0	10.0
9.0	9.0	12.0	0.004227638244628906	12.0	10.0
9.0	9.0	12.0	0.004255771636962891	12.0	10.0
9.0	9.0	12.0	0.004262685775756836	12.0	10.0
10.0	10.0	12.0	0.004603385925292969	12.0	10.0
10.0	10.0	12.0	0.004498958587646484	12.0	10.0
10.0	10.0	12.0	0.004454374313354492	12.0	10.0
10.0	10.0	12.0	0.004461526870727539	12.0	10.0
10.0	10.0	12.0	0.004570484161376953	12.0	10.0
10.0	10.0	12.0	0.004425048828125	12.0	10.0
10.0	10.0	12.0	0.004463911056518555	12.0	10.0
10.0	10.0	12.0	0.0044596195220947266	12.0	10.0
11.0	11.0	12.0	0.004971504211425781	12.0	10.0
11.0	11.0	12.0	0.005077362060546875	12.0	10.0
11.0	11.0	12.0	0.004958152770996094	12.0	10.0
11.0	11.0	12.0	0.004973173141479492	12.0	10.0
11.0	11.0	12.0	0.004965782165527344	12.0	10.0
11.0	11.0	12.0	0.004984617233276367	12.0	10.0
11.0	11.0	12.0	0.004975795745849609	12.0	10.0
11.0	11.0	12.0	0.005244016647338867	12.0	10.0
46.0	46.0	78.0	0.04565715789794922	13.0	2.0
47.0	47.0	78.0	0.04371905326843262	13.0	2.0
48.0	48.0	78.0	0.05149507522583008	13.0	2.0
49.0	49.0	78.0	0.05347585678100586	13.0	2.0
49.0	49.0	78.0	0.043138980865478516	13.0	2.0
50.0	50.0	78.0	0.04452657699584961	13.0	2.0
51.0	51.0	78.0	0.04544425010681152	13.0	2.0
52.0	52.0	78.0	0.04714632034301758	13.0	2.0
53.0	53.0	78.0	0.04873180389404297	13.0	2.0
53.0	53.0	78.0	0.04830741882324219	13.0	2.0
54.0	54.0	78.0	0.049536943435668945	13.0	2.0
55.0	55.0	78.0	0.050554752349853516	13.0	2.0
56.0	56.0	78.0	0.051988840103149414	13.0	2.0
56.0	56.0	78.0	0.0529932975769043	13.0	2.0
57.0	57.0	78.0	0.05590701103210449	13.0	2.0
58.0	58.0	78.0	0.05847573280334473	13.0	2.0
59.0	59.0	78.0	0.062066078186035156	13.0	2.0
60.0	60.0	78.0	0.05993223190307617	13.0	2.0
60.0	60.0	78.0	0.05869555473327637	13.0	2.0
61.0	61.0	78.0	0.061264991760253906	13.0	2.0
62.0	62.0	78.0	0.0619661808013916	13.0	2.0
63.0	63.0	78.0	0.06390142440795898	13.0	2.0
63.0	63.0	78.0	0.07074618339538574	13.0	2.0
64.0	64.0	78.0	0.09292078018188477	13.0	2.0
65.0	65.0	78.0	0.09736371040344238	13.0	2.0
66.0	66.0	78.0	0.0693519115447998	13.0	2.0
67.0	67.0	78.0	0.07156705856323242	13.0	2.0
67.0	67.0	78.0	0.07433104515075684	13.0	2.0
68.0	68.0	78.0	0.0754706859588623	13.0	2.0
69.0	69.0	78.0	0.07654476165771484	13.0	2.0
70.0	70.0	78.0	0.08086204528808594	13.0	2.0
70.0	70.0	78.0	0.07889080047607422	13.0	2.0
71.0	71.0	78.0	0.08174252510070801	13.0	2.0
72.0	72.0	78.0	0.08089733123779297	13.0	2.0
73.0	73.0	78.0	0.08534789085388184	13.0	2.0
74.0	74.0	78.0	0.08705925941467285	13.0	2.0
74.0	74.0	78.0	0.08573579788208008	13.0	2.0
75.0	75.0	78.0	0.34316062927246094	13.0	2.0
76.0	76.0	78.0	0.4595026969909668	13.0	2.0
77.0	77.0	78.0	15.588170051574707	13.0	2.0
171.0	171.0	286.0	0.4064357280731201	13.0	3.0
174.0	174.0	286.0	0.34506702423095703	13.0	3.0
177.0	177.0	286.0	0.3574028015136719	13.0	3.0
180.0	180.0	286.0	0.3720715045928955	13.0	3.0
183.0	183.0	286.0	0.4359724521636963	13.0	3.0
185.0	185.0	286.0	0.39261507987976074	13.0	3.0
188.0	188.0	286.0	0.39508652687072754	13.0	3.0
191.0	191.0	286.0	0.4805440902709961	13.0	3.0
194.0	194.0	286.0	0.4164853096008301	13.0	3.0
197.0	197.0	286.0	0.4347708225250244	13.0	3.0
200.0	200.0	286.0	0.45752978324890137	13.0	3.0
203.0	203.0	286.0	0.483142614364624	13.0	3.0
205.0	205.0	286.0	0.4716324806213379	13.0	3.0
208.0	208.0	286.0	0.5025308132171631	13.0	3.0
211.0	211.0	286.0	0.502556324005127	13.0	3.0
214.0	214.0	286.0	0.5100564956665039	13.0	3.0
217.0	217.0	286.0	0.5519568920135498	13.0	3.0
220.0	220.0	286.0	0.5378801822662354	13.0	3.0
223.0	223.0	286.0	0.5556058883666992	13.0	3.0
225.0	225.0	286.0	0.5866515636444092	13.0	3.0
228.0	228.0	286.0	0.5989794731140137	13.0	3.0
231.0	231.0	286.0	0.6337122917175293	13.0	3.0
234.0	234.0	286.0	0.6146833896636963	13.0	3.0
237.0	237.0	286.0	0.6493089199066162	13.0	3.0
240.0	240.0	286.0	0.6678814888000488	13.0	3.0
243.0	243.0	286.0	0.6644883155822754	13.0	3.0
245.0	245.0	286.0	0.6790661811828613	13.0	3.0
248.0	248.0	286.0	0.7282853126525879	13.0	3.0
251.0	251.0	286.0	0.741196870803833	13.0	3.0
254.0	254.0	286.0	0.7330090999603271	13.0	3.0
257.0	257.0	286.0	0.7634022235870361	13.0	3.0
260.0	260.0	286.0	0.7665820121765137	13.0	3.0
263.0	263.0	286.0	0.8380744457244873	13.0	3.0
265.0	265.0	286.0	0.8257732391357422	13.0	3.0
268.0	268.0	286.0	0.8349721431732178	13.0	3.0
271.0	271.0	286.0	0.9586308002471924	13.0	3.0
274.0	274.0	286.0	2.213186264038086	13.0	3.0
277.0	277.0	286.0	2.890289783477783	13.0	3.0
280.0	280.0	286.0	30.787386894226074	13.0	3.0
283.0	283.0	286.0	314.223037481308	13.0	3.0
429.0	429.0	715.0	1.869361162185669	13.0	4.0
436.0	436.0	715.0	2.01263689994812	13.0	4.0
443.0	443.0	715.0	2.0434024333953857	13.0	4.0
450.0	450.0	715.0	2.0528910160064697	13.0	4.0
457.0	457.0	715.0	2.079946279525757	13.0	4.0
464.0	464.0	715.0	2.1999106407165527	13.0	4.0
471.0	471.0	715.0	2.3085930347442627	13.0	4.0
479.0	479.0	715.0	2.3017139434814453	13.0	4.0
486.0	486.0	715.0	2.385730028152466	13.0	4.0
493.0	493.0	715.0	2.453061819076538	13.0	4.0
500.0	500.0	715.0	2.5290486812591553	13.0	4.0
507.0	507.0	715.0	2.688566207885742	13.0	4.0
514.0	514.0	715.0	2.889509439468384	13.0	4.0
521.0	521.0	715.0	2.7694411277770996	13.0	4.0
529.0	529.0	715.0	2.827479362487793	13.0	4.0
536.0	536.0	715.0	2.9222211837768555	13.0	4.0
543.0	543.0	715.0	2.9396581649780273	13.0	4.0
550.0	550.0	715.0	3.3214757442474365	13.0	4.0
557.0	557.0	715.0	3.277733325958252	13.0	4.0
564.0	564.0	715.0	3.2663793563842773	13.0	4.0
572.0	572.0	715.0	3.3260276317596436	13.0	4.0
579.0	579.0	715.0	3.352004051208496	13.0	4.0
586.0	586.0	715.0	3.6085848808288574	13.0	4.0
593.0	593.0	715.0	3.5985045433044434	13.0	4.0
600.0	600.0	715.0	3.803711414337158	13.0	4.0
607.0	607.0	715.0	3.877185821533203	13.0	4.0
614.0	614.0	715.0	3.894834041595459	13.0	4.0
622.0	622.0	715.0	3.981020212173462	13.0	4.0
629.0	629.0	715.0	4.146841287612915	13.0	4.0
636.0	636.0	715.0	4.200836658477783	13.0	4.0
643.0	643.0	715.0	4.293959617614746	13.0	4.0
650.0	650.0	715.0	4.568472385406494	13.0	4.0
657.0	657.0	715.0	4.685820817947388	13.0	4.0
664.0	664.0	715.0	5.04065203666687	13.0	4.0
672.0	672.0	715.0	4.803177118301392	13.0	4.0
679.0	679.0	715.0	9.611752986907959	13.0	4.0
686.0	686.0	715.0	37.40972423553467	13.0	4.0
693.0	0.0	715.0	400.00134801864624	13.0	4.0
700.0	0.0	715.0	400.00126791000366	13.0	4.0
707.0	0.0	715.0	400.0011348724365	13.0	4.0
772.0	772.0	1287.0	5.86436128616333	13.0	5.0
785.0	785.0	1287.0	6.040785789489746	13.0	5.0
797.0	797.0	1287.0	5.986768960952759	13.0	5.0
810.0	810.0	1287.0	6.221845388412476	13.0	5.0
823.0	823.0	1287.0	6.528964996337891	13.0	5.0
836.0	836.0	1287.0	6.753931283950806	13.0	5.0
849.0	849.0	1287.0	6.81326150894165	13.0	5.0
862.0	862.0	1287.0	6.994463682174683	13.0	5.0
875.0	875.0	1287.0	7.247297763824463	13.0	5.0
888.0	888.0	1287.0	7.525824785232544	13.0	5.0
900.0	900.0	1287.0	7.733747720718384	13.0	5.0
913.0	913.0	1287.0	7.927421808242798	13.0	5.0
926.0	926.0	1287.0	8.180241346359253	13.0	5.0
939.0	939.0	1287.0	8.477407693862915	13.0	5.0
952.0	952.0	1287.0	8.63510537147522	13.0	5.0
965.0	965.0	1287.0	8.993065118789673	13.0	5.0
978.0	978.0	1287.0	9.384970903396606	13.0	5.0
990.0	990.0	1287.0	9.67223072052002	13.0	5.0
1003.0	1003.0	1287.0	9.696881532669067	13.0	5.0
1016.0	1016.0	1287.0	10.047391891479492	13.0	5.0
1029.0	1029.0	1287.0	10.219202518463135	13.0	5.0
1042.0	1042.0	1287.0	10.592474222183228	13.0	5.0
1055.0	1055.0	1287.0	11.004438161849976	13.0	5.0
1068.0	1068.0	1287.0	10.955089569091797	13.0	5.0
1081.0	1081.0	1287.0	12.150831460952759	13.0	5.0
1093.0	1093.0	1287.0	11.715843677520752	13.0	5.0
1106.0	1106.0	1287.0	11.99857211112976	13.0	5.0
1119.0	1119.0	1287.0	12.68155288696289	13.0	5.0
1132.0	1132.0	1287.0	12.961849689483643	13.0	5.0
1145.0	1145.0	1287.0	13.339771509170532	13.0	5.0
1158.0	1158.0	1287.0	13.447355270385742	13.0	5.0
1171.0	1171.0	1287.0	14.10230278968811	13.0	5.0
1184.0	1184.0	1287.0	14.379874467849731	13.0	5.0
1196.0	1196.0	1287.0	15.736855506896973	13.0	5.0
1209.0	0.0	1287.0	400.0037121772766	13.0	5.0
1222.0	0.0	1287.0	400.00237464904785	13.0	5.0
1235.0	0.0	1287.0	400.0026214122772	13.0	5.0
1248.0	0.0	1287.0	400.0021696090698	13.0	5.0
1261.0	0.0	1287.0	400.00217461586	13.0	5.0
1274.0	0.0	1287.0	400.00209617614746	13.0	5.0
1029.0	1029.0	1716.0	10.346549034118652	13.0	6.0
1046.0	1046.0	1716.0	10.485534906387329	13.0	6.0
1063.0	1063.0	1716.0	10.882991552352905	13.0	6.0
1081.0	1081.0	1716.0	11.63549542427063	13.0	6.0
1098.0	1098.0	1716.0	11.63944387435913	13.0	6.0
1115.0	1115.0	1716.0	12.10783076286316	13.0	6.0
1132.0	1132.0	1716.0	12.459910869598389	13.0	6.0
1149.0	1149.0	1716.0	12.754726648330688	13.0	6.0
1166.0	1166.0	1716.0	13.135200262069702	13.0	6.0
1184.0	1184.0	1716.0	13.521581888198853	13.0	6.0
1201.0	1201.0	1716.0	13.91793966293335	13.0	6.0
1218.0	1218.0	1716.0	14.352728366851807	13.0	6.0
1235.0	1235.0	1716.0	15.212724924087524	13.0	6.0
1252.0	1252.0	1716.0	15.274285316467285	13.0	6.0
1269.0	1269.0	1716.0	15.856514692306519	13.0	6.0
1287.0	1287.0	1716.0	16.120707273483276	13.0	6.0
1304.0	1304.0	1716.0	16.67581605911255	13.0	6.0
1321.0	1321.0	1716.0	17.038594245910645	13.0	6.0
1338.0	1338.0	1716.0	17.618152141571045	13.0	6.0
1355.0	1355.0	1716.0	18.277628660202026	13.0	6.0
1372.0	1372.0	1716.0	18.68137502670288	13.0	6.0
1389.0	1389.0	1716.0	19.90587830543518	13.0	6.0
1407.0	1407.0	1716.0	19.892730712890625	13.0	6.0
1424.0	1424.0	1716.0	20.3915855884552	13.0	6.0
1441.0	1441.0	1716.0	21.584871530532837	13.0	6.0
1458.0	1458.0	1716.0	24.3410062789917	13.0	6.0
1475.0	1475.0	1716.0	206.9543797969818	13.0	6.0
1492.0	0.0	1716.0	400.0024995803833	13.0	6.0
1510.0	0.0	1716.0	400.00239396095276	13.0	6.0
1527.0	0.0	1716.0	400.00232195854187	13.0	6.0
1544.0	0.0	1716.0	400.0023400783539	13.0	6.0
1561.0	0.0	1716.0	400.00236678123474	13.0	6.0
1578.0	0.0	1716.0	400.00244665145874	13.0	6.0
1595.0	0.0	1716.0	400.00244784355164	13.0	6.0
1613.0	0.0	1716.0	400.00236344337463	13.0	6.0
1630.0	0.0	1716.0	400.0023548603058	13.0	6.0
1647.0	0.0	1716.0	400.00236988067627	13.0	6.0
1664.0	0.0	1716.0	400.00239515304565	13.0	6.0
1681.0	0.0	1716.0	400.00244188308716	13.0	6.0
1698.0	0.0	1716.0	400.0029203891754	13.0	6.0
772.0	772.0	1287.0	5.661082983016968	13.0	7.0
785.0	785.0	1287.0	5.938788175582886	13.0	7.0
797.0	797.0	1287.0	6.035080194473267	13.0	7.0
810.0	810.0	1287.0	6.324882984161377	13.0	7.0
823.0	823.0	1287.0	6.512966632843018	13.0	7.0
836.0	836.0	1287.0	6.689439296722412	13.0	7.0
849.0	849.0	1287.0	6.87231707572937	13.0	7.0
862.0	862.0	1287.0	7.119224548339844	13.0	7.0
875.0	875.0	1287.0	7.305665016174316	13.0	7.0
888.0	888.0	1287.0	7.53497838973999	13.0	7.0
900.0	900.0	1287.0	7.804635047912598	13.0	7.0
913.0	913.0	1287.0	7.975563287734985	13.0	7.0
926.0	926.0	1287.0	8.192147254943848	13.0	7.0
939.0	939.0	1287.0	8.508941888809204	13.0	7.0
952.0	952.0	1287.0	8.725051403045654	13.0	7.0
965.0	965.0	1287.0	9.38455867767334	13.0	7.0
978.0	978.0	1287.0	9.19103217124939	13.0	7.0
990.0	990.0	1287.0	9.479591369628906	13.0	7.0
1003.0	1003.0	1287.0	9.767065048217773	13.0	7.0
1016.0	1016.0	1287.0	10.019202947616577	13.0	7.0
1029.0	1029.0	1287.0	10.297173738479614	13.0	7.0
1042.0	1042.0	1287.0	10.541942834854126	13.0	7.0
1055.0	1055.0	1287.0	10.811418533325195	13.0	7.0
1068.0	1068.0	1287.0	11.118827104568481	13.0	7.0
1081.0	1081.0	1287.0	11.482958555221558	13.0	7.0
1093.0	1093.0	1287.0	11.691418886184692	13.0	7.0
1106.0	1106.0	1287.0	12.225761413574219	13.0	7.0
1119.0	1119.0	1287.0	12.633596658706665	13.0	7.0
1132.0	1132.0	1287.0	12.760372877120972	13.0	7.0
1145.0	1145.0	1287.0	13.181222438812256	13.0	7.0
1158.0	1158.0	1287.0	13.72487473487854	13.0	7.0
1171.0	1171.0	1287.0	14.188635110855103	13.0	7.0
1184.0	1184.0	1287.0	15.76944088935852	13.0	7.0
1196.0	1196.0	1287.0	15.676267385482788	13.0	7.0
1209.0	1209.0	1287.0	69.75815868377686	13.0	7.0
1222.0	0.0	1287.0	400.0021047592163	13.0	7.0
1235.0	0.0	1287.0	400.00206685066223	13.0	7.0
1248.0	0.0	1287.0	400.0019967556	13.0	7.0
1261.0	0.0	1287.0	400.00201892852783	13.0	7.0
1274.0	0.0	1287.0	400.0021107196808	13.0	7.0
429.0	429.0	715.0	1.8410439491271973	13.0	8.0
436.0	436.0	715.0	1.8580172061920166	13.0	8.0
443.0	443.0	715.0	1.9122810363769531	13.0	8.0
450.0	450.0	715.0	2.0184085369110107	13.0	8.0
457.0	457.0	715.0	2.0403664112091064	13.0	8.0
464.0	464.0	715.0	2.107238292694092	13.0	8.0
471.0	471.0	715.0	2.1508395671844482	13.0	8.0
479.0	479.0	715.0	2.2460238933563232	13.0	8.0
486.0	486.0	715.0	2.3017594814300537	13.0	8.0
493.0	493.0	715.0	2.3777694702148438	13.0	8.0
500.0	500.0	715.0	2.4479312896728516	13.0	8.0
507.0	507.0	715.0	2.5184991359710693	13.0	8.0
514.0	514.0	715.0	2.620826244354248	13.0	8.0
521.0	521.0	715.0	2.66869854927063	13.0	8.0
529.0	529.0	715.0	2.764380693435669	13.0	8.0
536.0	536.0	715.0	2.8105828762054443	13.0	8.0
543.0	543.0	715.0	2.8896002769470215	13.0	8.0
550.0	550.0	715.0	2.965547800064087	13.0	8.0
557.0	557.0	715.0	3.0444424152374268	13.0	8.0
564.0	564.0	715.0	3.137054443359375	13.0	8.0
572.0	572.0	715.0	3.2412257194519043	13.0	8.0
579.0	579.0	715.0	3.4019553661346436	13.0	8.0
586.0	586.0	715.0	3.4176104068756104	13.0	8.0
593.0	593.0	715.0	3.4835712909698486	13.0	8.0
600.0	600.0	715.0	3.62860107421875	13.0	8.0
607.0	607.0	715.0	3.711669445037842	13.0	8.0
614.0	614.0	715.0	3.7739357948303223	13.0	8.0
622.0	622.0	715.0	3.9278085231781006	13.0	8.0
629.0	629.0	715.0	3.976905107498169	13.0	8.0
636.0	636.0	715.0	4.079240083694458	13.0	8.0
643.0	643.0	715.0	4.2043116092681885	13.0	8.0
650.0	650.0	715.0	4.366541385650635	13.0	8.0
657.0	657.0	715.0	4.40955662727356	13.0	8.0
664.0	664.0	715.0	4.551196813583374	13.0	8.0
672.0	672.0	715.0	4.855978488922119	13.0	8.0
679.0	679.0	715.0	32.90316653251648	13.0	8.0
686.0	686.0	715.0	177.98309516906738	13.0	8.0
693.0	0.0	715.0	400.0012571811676	13.0	8.0
700.0	0.0	715.0	400.0012209415436	13.0	8.0
707.0	0.0	715.0	400.0012540817261	13.0	8.0
171.0	171.0	286.0	0.33301806449890137	13.0	9.0
174.0	174.0	286.0	0.3437366485595703	13.0	9.0
177.0	177.0	286.0	0.35698652267456055	13.0	9.0
180.0	180.0	286.0	0.3644704818725586	13.0	9.0
183.0	183.0	286.0	0.3729066848754883	13.0	9.0
185.0	185.0	286.0	0.38706445693969727	13.0	9.0
188.0	188.0	286.0	0.3967313766479492	13.0	9.0
191.0	191.0	286.0	0.40952372550964355	13.0	9.0
194.0	194.0	286.0	0.41956424713134766	13.0	9.0
197.0	197.0	286.0	0.428818941116333	13.0	9.0
200.0	200.0	286.0	0.44743871688842773	13.0	9.0
203.0	203.0	286.0	0.45641326904296875	13.0	9.0
205.0	205.0	286.0	0.46718287467956543	13.0	9.0
208.0	208.0	286.0	0.4737725257873535	13.0	9.0
211.0	211.0	286.0	0.4927072525024414	13.0	9.0
214.0	214.0	286.0	0.5040130615234375	13.0	9.0
217.0	217.0	286.0	0.5208911895751953	13.0	9.0
220.0	220.0	286.0	0.5324954986572266	13.0	9.0
223.0	223.0	286.0	0.548534631729126	13.0	9.0
225.0	225.0	286.0	0.5520763397216797	13.0	9.0
228.0	228.0	286.0	0.5743508338928223	13.0	9.0
231.0	231.0	286.0	0.575394868850708	13.0	9.0
234.0	234.0	286.0	0.6073570251464844	13.0	9.0
237.0	237.0	286.0	0.6166324615478516	13.0	9.0
240.0	240.0	286.0	0.6261508464813232	13.0	9.0
243.0	243.0	286.0	0.6516392230987549	13.0	9.0
245.0	245.0	286.0	0.6551930904388428	13.0	9.0
248.0	248.0	286.0	0.6811704635620117	13.0	9.0
251.0	251.0	286.0	0.6870009899139404	13.0	9.0
254.0	254.0	286.0	0.7588019371032715	13.0	9.0
257.0	257.0	286.0	0.7982373237609863	13.0	9.0
260.0	260.0	286.0	0.7389791011810303	13.0	9.0
263.0	263.0	286.0	0.7826628684997559	13.0	9.0
265.0	265.0	286.0	0.7921273708343506	13.0	9.0
268.0	268.0	286.0	0.7936234474182129	13.0	9.0
271.0	271.0	286.0	1.286102533340454	13.0	9.0
274.0	274.0	286.0	0.9264473915100098	13.0	9.0
277.0	277.0	286.0	21.136515378952026	13.0	9.0
280.0	280.0	286.0	28.77195453643799	13.0	9.0
283.0	0.0	286.0	400.00057315826416	13.0	9.0
46.0	46.0	78.0	0.03942537307739258	13.0	10.0
47.0	47.0	78.0	0.04100680351257324	13.0	10.0
48.0	48.0	78.0	0.04239606857299805	13.0	10.0
49.0	49.0	78.0	0.043869972229003906	13.0	10.0
49.0	49.0	78.0	0.043219566345214844	13.0	10.0
50.0	50.0	78.0	0.04404735565185547	13.0	10.0
51.0	51.0	78.0	0.0469050407409668	13.0	10.0
52.0	52.0	78.0	0.04738759994506836	13.0	10.0
53.0	53.0	78.0	0.04841732978820801	13.0	10.0
53.0	53.0	78.0	0.04915785789489746	13.0	10.0
54.0	54.0	78.0	0.04966998100280762	13.0	10.0
55.0	55.0	78.0	0.0520482063293457	13.0	10.0
56.0	56.0	78.0	0.05381011962890625	13.0	10.0
56.0	56.0	78.0	0.053345680236816406	13.0	10.0
57.0	57.0	78.0	0.05692148208618164	13.0	10.0
58.0	58.0	78.0	0.0577850341796875	13.0	10.0
59.0	59.0	78.0	0.0579218864440918	13.0	10.0
60.0	60.0	78.0	0.05887317657470703	13.0	10.0
60.0	60.0	78.0	0.05946660041809082	13.0	10.0
61.0	61.0	78.0	0.061388492584228516	13.0	10.0
62.0	62.0	78.0	0.06313467025756836	13.0	10.0
63.0	63.0	78.0	0.06342864036560059	13.0	10.0
63.0	63.0	78.0	0.06448078155517578	13.0	10.0
64.0	64.0	78.0	0.06691241264343262	13.0	10.0
65.0	65.0	78.0	0.06864237785339355	13.0	10.0
66.0	66.0	78.0	0.07024765014648438	13.0	10.0
67.0	67.0	78.0	0.07094120979309082	13.0	10.0
67.0	67.0	78.0	0.07090067863464355	13.0	10.0
68.0	68.0	78.0	0.07166671752929688	13.0	10.0
69.0	69.0	78.0	0.07639074325561523	13.0	10.0
70.0	70.0	78.0	0.08317995071411133	13.0	10.0
70.0	70.0	78.0	0.0750117301940918	13.0	10.0
71.0	71.0	78.0	0.08208322525024414	13.0	10.0
72.0	72.0	78.0	0.07904553413391113	13.0	10.0
73.0	73.0	78.0	0.0831904411315918	13.0	10.0
74.0	74.0	78.0	0.11452913284301758	13.0	10.0
74.0	74.0	78.0	0.08371758460998535	13.0	10.0
75.0	75.0	78.0	0.7586336135864258	13.0	10.0
76.0	76.0	78.0	1.8773345947265625	13.0	10.0
77.0	77.0	78.0	0.14247441291809082	13.0	10.0
7.0	7.0	13.0	0.003382444381713867	13.0	11.0
7.0	7.0	13.0	0.0032525062561035156	13.0	11.0
8.0	8.0	13.0	0.003818511962890625	13.0	11.0
8.0	8.0	13.0	0.003808736801147461	13.0	11.0
8.0	8.0	13.0	0.003788471221923828	13.0	11.0
8.0	8.0	13.0	0.0037908554077148438	13.0	11.0
8.0	8.0	13.0	0.003798246383666992	13.0	11.0
8.0	8.0	13.0	0.0038034915924072266	13.0	11.0
8.0	8.0	13.0	0.003800630569458008	13.0	11.0
8.0	8.0	13.0	0.0037963390350341797	13.0	11.0
9.0	9.0	13.0	0.004369497299194336	13.0	11.0
9.0	9.0	13.0	0.004369258880615234	13.0	11.0
9.0	9.0	13.0	0.004385471343994141	13.0	11.0
9.0	9.0	13.0	0.004380226135253906	13.0	11.0
9.0	9.0	13.0	0.0043790340423583984	13.0	11.0
9.0	9.0	13.0	0.0043909549713134766	13.0	11.0
9.0	9.0	13.0	0.00438690185546875	13.0	11.0
10.0	10.0	13.0	0.0049855709075927734	13.0	11.0
10.0	10.0	13.0	0.004996776580810547	13.0	11.0
10.0	10.0	13.0	0.00495457649230957	13.0	11.0
10.0	10.0	13.0	0.004983186721801758	13.0	11.0
10.0	10.0	13.0	0.004979848861694336	13.0	11.0
10.0	10.0	13.0	0.004982709884643555	13.0	11.0
10.0	10.0	13.0	0.004961252212524414	13.0	11.0
10.0	10.0	13.0	0.005099058151245117	13.0	11.0
11.0	11.0	13.0	0.005600690841674805	13.0	11.0
11.0	11.0	13.0	0.0055963993072509766	13.0	11.0
11.0	11.0	13.0	0.00559544563293457	13.0	11.0
11.0	11.0	13.0	0.005593538284301758	13.0	11.0
11.0	11.0	13.0	0.0055654048919677734	13.0	11.0
11.0	11.0	13.0	0.005600929260253906	13.0	11.0
11.0	11.0	13.0	0.0055811405181884766	13.0	11.0
11.0	11.0	13.0	0.005579948425292969	13.0	11.0
12.0	12.0	13.0	0.006220340728759766	13.0	11.0
12.0	12.0	13.0	0.006215333938598633	13.0	11.0
12.0	12.0	13.0	0.006211280822753906	13.0	11.0
12.0	12.0	13.0	0.00623011589050293	13.0	11.0
12.0	12.0	13.0	0.0061991214752197266	13.0	11.0
12.0	12.0	13.0	0.0062291622161865234	13.0	11.0
12.0	12.0	13.0	0.006223440170288086	13.0	11.0
54.0	54.0	91.0	0.05513477325439453	14.0	2.0
55.0	55.0	91.0	0.05682992935180664	14.0	2.0
56.0	56.0	91.0	0.058624267578125	14.0	2.0
57.0	57.0	91.0	0.06035876274108887	14.0	2.0
58.0	58.0	91.0	0.06125354766845703	14.0	2.0
59.0	59.0	91.0	0.06304144859313965	14.0	2.0
60.0	60.0	91.0	0.06508350372314453	14.0	2.0
60.0	60.0	91.0	0.06618070602416992	14.0	2.0
61.0	61.0	91.0	0.06704592704772949	14.0	2.0
62.0	62.0	91.0	0.06990885734558105	14.0	2.0
63.0	63.0	91.0	0.07052016258239746	14.0	2.0
64.0	64.0	91.0	0.07273507118225098	14.0	2.0
65.0	65.0	91.0	0.07372498512268066	14.0	2.0
66.0	66.0	91.0	0.07516813278198242	14.0	2.0
67.0	67.0	91.0	0.07792830467224121	14.0	2.0
68.0	68.0	91.0	0.07881569862365723	14.0	2.0
69.0	69.0	91.0	0.08235883712768555	14.0	2.0
70.0	70.0	91.0	0.0845346450805664	14.0	2.0
70.0	70.0	91.0	0.08196020126342773	14.0	2.0
71.0	71.0	91.0	0.08567214012145996	14.0	2.0
72.0	72.0	91.0	0.09058928489685059	14.0	2.0
73.0	73.0	91.0	0.09076857566833496	14.0	2.0
74.0	74.0	91.0	0.09272527694702148	14.0	2.0
75.0	75.0	91.0	0.09402298927307129	14.0	2.0
76.0	76.0	91.0	0.10062003135681152	14.0	2.0
77.0	77.0	91.0	0.10267400741577148	14.0	2.0
78.0	78.0	91.0	0.10498929023742676	14.0	2.0
79.0	79.0	91.0	0.10485386848449707	14.0	2.0
80.0	80.0	91.0	0.108428955078125	14.0	2.0
80.0	80.0	91.0	0.10824251174926758	14.0	2.0
81.0	81.0	91.0	0.11176800727844238	14.0	2.0
82.0	82.0	91.0	0.11184835433959961	14.0	2.0
83.0	83.0	91.0	0.1169276237487793	14.0	2.0
84.0	84.0	91.0	0.11760473251342773	14.0	2.0
85.0	85.0	91.0	0.13037633895874023	14.0	2.0
86.0	86.0	91.0	0.12553095817565918	14.0	2.0
87.0	87.0	91.0	0.127119779586792	14.0	2.0
88.0	88.0	91.0	0.3138246536254883	14.0	2.0
89.0	89.0	91.0	1.688732624053955	14.0	2.0
90.0	90.0	91.0	0.5792145729064941	14.0	2.0
218.0	218.0	364.0	0.5869312286376953	14.0	3.0
222.0	222.0	364.0	0.6092383861541748	14.0	3.0
225.0	225.0	364.0	0.6246166229248047	14.0	3.0
229.0	229.0	364.0	0.6526205539703369	14.0	3.0
232.0	232.0	364.0	0.6672248840332031	14.0	3.0
236.0	236.0	364.0	0.684473991394043	14.0	3.0
240.0	240.0	364.0	0.7036569118499756	14.0	3.0
243.0	243.0	364.0	0.7227325439453125	14.0	3.0
247.0	247.0	364.0	0.7426600456237793	14.0	3.0
251.0	251.0	364.0	0.7690973281860352	14.0	3.0
254.0	254.0	364.0	0.7892012596130371	14.0	3.0
258.0	258.0	364.0	0.8143465518951416	14.0	3.0
262.0	262.0	364.0	0.8507876396179199	14.0	3.0
265.0	265.0	364.0	0.8487975597381592	14.0	3.0
269.0	269.0	364.0	0.9000191688537598	14.0	3.0
273.0	273.0	364.0	0.8942775726318359	14.0	3.0
276.0	276.0	364.0	0.9296395778656006	14.0	3.0
280.0	280.0	364.0	0.9429957866668701	14.0	3.0
283.0	283.0	364.0	0.9638752937316895	14.0	3.0
287.0	287.0	364.0	0.998701810836792	14.0	3.0
291.0	291.0	364.0	1.0324499607086182	14.0	3.0
294.0	294.0	364.0	1.0417506694793701	14.0	3.0
298.0	298.0	364.0	1.0900156497955322	14.0	3.0
302.0	302.0	364.0	1.1390790939331055	14.0	3.0
305.0	305.0	364.0	1.139624834060669	14.0	3.0
309.0	309.0	364.0	1.1865320205688477	14.0	3.0
313.0	313.0	364.0	1.2126593589782715	14.0	3.0
316.0	316.0	364.0	1.2302772998809814	14.0	3.0
320.0	320.0	364.0	1.2528045177459717	14.0	3.0
323.0	323.0	364.0	1.275641679763794	14.0	3.0
327.0	327.0	364.0	1.3500933647155762	14.0	3.0
331.0	331.0	364.0	1.417834758758545	14.0	3.0
334.0	334.0	364.0	1.4338808059692383	14.0	3.0
338.0	338.0	364.0	1.5170049667358398	14.0	3.0
342.0	342.0	364.0	1.684682846069336	14.0	3.0
345.0	345.0	364.0	1.5560078620910645	14.0	3.0
349.0	349.0	364.0	40.93696713447571	14.0	3.0
353.0	353.0	364.0	188.60012674331665	14.0	3.0
356.0	0.0	364.0	400.00069403648376	14.0	3.0
360.0	0.0	364.0	400.0006377696991	14.0	3.0
600.0	600.0	1001.0	3.976475477218628	14.0	4.0
610.0	610.0	1001.0	4.12104868888855	14.0	4.0
620.0	620.0	1001.0	4.256081819534302	14.0	4.0
630.0	630.0	1001.0	4.36469292640686	14.0	4.0
640.0	640.0	1001.0	4.518740892410278	14.0	4.0
650.0	650.0	1001.0	4.632117748260498	14.0	4.0
660.0	660.0	1001.0	4.777241230010986	14.0	4.0
670.0	670.0	1001.0	4.948607683181763	14.0	4.0
680.0	680.0	1001.0	5.044672250747681	14.0	4.0
690.0	690.0	1001.0	5.204057931900024	14.0	4.0
700.0	700.0	1001.0	5.414048910140991	14.0	4.0
710.0	710.0	1001.0	5.586783409118652	14.0	4.0
720.0	720.0	1001.0	5.728708028793335	14.0	4.0
730.0	730.0	1001.0	5.843114614486694	14.0	4.0
740.0	740.0	1001.0	6.057666063308716	14.0	4.0
750.0	750.0	1001.0	6.190930366516113	14.0	4.0
760.0	760.0	1001.0	6.378210783004761	14.0	4.0
770.0	770.0	1001.0	6.506256580352783	14.0	4.0
780.0	780.0	1001.0	6.743518352508545	14.0	4.0
790.0	790.0	1001.0	6.931627511978149	14.0	4.0
800.0	800.0	1001.0	7.045958518981934	14.0	4.0
810.0	810.0	1001.0	7.292201995849609	14.0	4.0
820.0	820.0	1001.0	7.505395174026489	14.0	4.0
830.0	830.0	1001.0	7.749486207962036	14.0	4.0
840.0	840.0	1001.0	7.944189071655273	14.0	4.0
850.0	850.0	1001.0	8.160564184188843	14.0	4.0
860.0	860.0	1001.0	8.327914237976074	14.0	4.0
870.0	870.0	1001.0	8.512820482254028	14.0	4.0
880.0	880.0	1001.0	8.90820026397705	14.0	4.0
890.0	890.0	1001.0	9.067256450653076	14.0	4.0
900.0	900.0	1001.0	9.477404594421387	14.0	4.0
910.0	910.0	1001.0	9.43320631980896	14.0	4.0
920.0	920.0	1001.0	9.887558221817017	14.0	4.0
930.0	930.0	1001.0	10.671393394470215	14.0	4.0
940.0	940.0	1001.0	10.590838193893433	14.0	4.0
950.0	950.0	1001.0	10.913280487060547	14.0	4.0
960.0	960.0	1001.0	11.355100393295288	14.0	4.0
970.0	970.0	1001.0	347.61421847343445	14.0	4.0
980.0	0.0	1001.0	400.0017499923706	14.0	4.0
990.0	0.0	1001.0	400.00173449516296	14.0	4.0
1201.0	1201.0	2002.0	15.654282808303833	14.0	5.0
1221.0	1221.0	2002.0	16.172147512435913	14.0	5.0
1241.0	1241.0	2002.0	16.745941877365112	14.0	5.0
1261.0	1261.0	2002.0	17.255070447921753	14.0	5.0
1281.0	1281.0	2002.0	18.09596037864685	14.0	5.0
1301.0	1301.0	2002.0	18.425479412078857	14.0	5.0
1321.0	1321.0	2002.0	19.170693159103394	14.0	5.0
1341.0	1341.0	2002.0	19.642951011657715	14.0	5.0
1361.0	1361.0	2002.0	20.206411123275757	14.0	5.0
1381.0	1381.0	2002.0	20.839410066604614	14.0	5.0
1401.0	1401.0	2002.0	21.55281090736389	14.0	5.0
1421.0	1421.0	2002.0	22.162297010421753	14.0	5.0
1441.0	1441.0	2002.0	22.810569524765015	14.0	5.0
1461.0	1461.0	2002.0	23.59709072113037	14.0	5.0
1481.0	1481.0	2002.0	24.06515336036682	14.0	5.0
1501.0	1501.0	2002.0	24.79164958000183	14.0	5.0
1521.0	1521.0	2002.0	25.420186042785645	14.0	5.0
1541.0	1541.0	2002.0	26.228273630142212	14.0	5.0
1561.0	1561.0	2002.0	27.076667547225952	14.0	5.0
1581.0	1581.0	2002.0	27.770695209503174	14.0	5.0
1601.0	1601.0	2002.0	28.660852909088135	14.0	5.0
1621.0	1621.0	2002.0	29.53496766090393	14.0	5.0
1641.0	1641.0	2002.0	30.043896675109863	14.0	5.0
1661.0	1661.0	2002.0	30.842228651046753	14.0	5.0
1681.0	1681.0	2002.0	31.838478088378906	14.0	5.0
1701.0	1701.0	2002.0	32.90070295333862	14.0	5.0
1721.0	1721.0	2002.0	33.59637427330017	14.0	5.0
1741.0	1741.0	2002.0	34.27387714385986	14.0	5.0
1761.0	1761.0	2002.0	35.7475106716156	14.0	5.0
1781.0	1781.0	2002.0	36.44023823738098	14.0	5.0
1801.0	1801.0	2002.0	37.63616871833801	14.0	5.0
1821.0	1821.0	2002.0	38.68871545791626	14.0	5.0
1841.0	1841.0	2002.0	39.91276931762695	14.0	5.0
1861.0	1861.0	2002.0	40.88347244262695	14.0	5.0
1881.0	1881.0	2002.0	46.18539500236511	14.0	5.0
1901.0	1901.0	2002.0	60.19849419593811	14.0	5.0
1921.0	0.0	2002.0	400.0034980773926	14.0	5.0
1941.0	0.0	2002.0	400.00330924987793	14.0	5.0
1961.0	0.0	2002.0	400.00345826148987	14.0	5.0
1981.0	0.0	2002.0	400.0035307407379	14.0	5.0
1801.0	1801.0	3003.0	35.742594957351685	14.0	6.0
1831.0	1831.0	3003.0	36.67288064956665	14.0	6.0
1861.0	1861.0	3003.0	38.482420921325684	14.0	6.0
1891.0	1891.0	3003.0	39.61018896102905	14.0	6.0
1921.0	1921.0	3003.0	40.70879340171814	14.0	6.0
1951.0	1951.0	3003.0	41.922022104263306	14.0	6.0
1981.0	1981.0	3003.0	43.38074207305908	14.0	6.0
2012.0	2012.0	3003.0	44.59495186805725	14.0	6.0
2042.0	2042.0	3003.0	46.30592727661133	14.0	6.0
2072.0	2072.0	3003.0	47.542794942855835	14.0	6.0
2102.0	2102.0	3003.0	48.840765714645386	14.0	6.0
2132.0	2132.0	3003.0	50.758299350738525	14.0	6.0
2162.0	2162.0	3003.0	51.86881709098816	14.0	6.0
2192.0	2192.0	3003.0	53.66126370429993	14.0	6.0
2222.0	2222.0	3003.0	54.702638387680054	14.0	6.0
2252.0	2252.0	3003.0	56.89749622344971	14.0	6.0
2282.0	2282.0	3003.0	57.919540882110596	14.0	6.0
2312.0	2312.0	3003.0	59.56561326980591	14.0	6.0
2342.0	2342.0	3003.0	61.26386523246765	14.0	6.0
2372.0	2372.0	3003.0	62.865248918533325	14.0	6.0
2402.0	2402.0	3003.0	64.55577802658081	14.0	6.0
2432.0	2432.0	3003.0	66.90820860862732	14.0	6.0
2462.0	2462.0	3003.0	69.00991296768188	14.0	6.0
2492.0	2492.0	3003.0	69.97379684448242	14.0	6.0
2522.0	2522.0	3003.0	72.22063517570496	14.0	6.0
2552.0	2552.0	3003.0	74.19070959091187	14.0	6.0
2582.0	2582.0	3003.0	75.89904189109802	14.0	6.0
2612.0	2612.0	3003.0	78.30687117576599	14.0	6.0
2642.0	2642.0	3003.0	82.32111024856567	14.0	6.0
2672.0	2672.0	3003.0	82.01835775375366	14.0	6.0
2702.0	2702.0	3003.0	86.28370714187622	14.0	6.0
2732.0	2732.0	3003.0	96.33809041976929	14.0	6.0
2762.0	0.0	3003.0	400.0059757232666	14.0	6.0
2792.0	0.0	3003.0	400.00662112236023	14.0	6.0
2822.0	0.0	3003.0	400.00448203086853	14.0	6.0
2852.0	0.0	3003.0	400.00470495224	14.0	6.0
2882.0	0.0	3003.0	400.004629611969	14.0	6.0
2912.0	0.0	3003.0	400.0051758289337	14.0	6.0
2942.0	0.0	3003.0	400.0057728290558	14.0	6.0
2972.0	0.0	3003.0	400.0052390098572	14.0	6.0
1801.0	1801.0	3003.0	35.7728476524353	14.0	7.0
1831.0	1831.0	3003.0	37.074262619018555	14.0	7.0
1861.0	1861.0	3003.0	38.13015079498291	14.0	7.0
1891.0	1891.0	3003.0	39.2935152053833	14.0	7.0
1921.0	1921.0	3003.0	40.70522403717041	14.0	7.0
1951.0	1951.0	3003.0	42.03665351867676	14.0	7.0
1981.0	1981.0	3003.0	43.2569317817688	14.0	7.0
2012.0	2012.0	3003.0	44.89051556587219	14.0	7.0
2042.0	2042.0	3003.0	46.06334376335144	14.0	7.0
2072.0	2072.0	3003.0	47.50351667404175	14.0	7.0
2102.0	2102.0	3003.0	49.05669188499451	14.0	7.0
2132.0	2132.0	3003.0	50.25821352005005	14.0	7.0
2162.0	2162.0	3003.0	51.99415397644043	14.0	7.0
2192.0	2192.0	3003.0	53.38109803199768	14.0	7.0
2222.0	2222.0	3003.0	54.97769021987915	14.0	7.0
2252.0	2252.0	3003.0	56.36667060852051	14.0	7.0
2282.0	2282.0	3003.0	58.01278114318848	14.0	7.0
2312.0	2312.0	3003.0	59.62933707237244	14.0	7.0
2342.0	2342.0	3003.0	61.32860255241394	14.0	7.0
2372.0	2372.0	3003.0	63.32322978973389	14.0	7.0
2402.0	2402.0	3003.0	64.6091661453247	14.0	7.0
2432.0	2432.0	3003.0	66.4615831375122	14.0	7.0
2462.0	2462.0	3003.0	68.34199976921082	14.0	7.0
2492.0	2492.0	3003.0	70.70162868499756	14.0	7.0
2522.0	2522.0	3003.0	72.55652260780334	14.0	7.0
2552.0	2552.0	3003.0	74.86085319519043	14.0	7.0
2582.0	2582.0	3003.0	77.07096195220947	14.0	7.0
2612.0	2612.0	3003.0	79.07059025764465	14.0	7.0
2642.0	2642.0	3003.0	81.14695978164673	14.0	7.0
2672.0	2672.0	3003.0	84.7878143787384	14.0	7.0
2702.0	2702.0	3003.0	86.79034113883972	14.0	7.0
2732.0	0.0	3003.0	400.0047950744629	14.0	7.0
2762.0	0.0	3003.0	400.00469994544983	14.0	7.0
2792.0	0.0	3003.0	400.0059554576874	14.0	7.0
2822.0	0.0	3003.0	400.0072979927063	14.0	7.0
2852.0	0.0	3003.0	400.00584292411804	14.0	7.0
2882.0	0.0	3003.0	400.00621724128723	14.0	7.0
2912.0	0.0	3003.0	400.0045897960663	14.0	7.0
2942.0	0.0	3003.0	400.0040135383606	14.0	7.0
2972.0	0.0	3003.0	400.0043046474457	14.0	7.0
1201.0	1201.0	2002.0	15.871145725250244	14.0	8.0
1221.0	1221.0	2002.0	16.421415090560913	14.0	8.0
1241.0	1241.0	2002.0	16.95337748527527	14.0	8.0
1261.0	1261.0	2002.0	17.588232278823853	14.0	8.0
1281.0	1281.0	2002.0	18.131311655044556	14.0	8.0
1301.0	1301.0	2002.0	18.751660585403442	14.0	8.0
1321.0	1321.0	2002.0	19.362569332122803	14.0	8.0
1341.0	1341.0	2002.0	19.890010595321655	14.0	8.0
1361.0	1361.0	2002.0	20.569626092910767	14.0	8.0
1381.0	1381.0	2002.0	21.03383731842041	14.0	8.0
1401.0	1401.0	2002.0	21.677128314971924	14.0	8.0
1421.0	1421.0	2002.0	22.365160942077637	14.0	8.0
1441.0	1441.0	2002.0	23.03509211540222	14.0	8.0
1461.0	1461.0	2002.0	23.706504344940186	14.0	8.0
1481.0	1481.0	2002.0	24.338757753372192	14.0	8.0
1501.0	1501.0	2002.0	24.965277194976807	14.0	8.0
1521.0	1521.0	2002.0	25.801801919937134	14.0	8.0
1541.0	1541.0	2002.0	26.46842384338379	14.0	8.0
1561.0	1561.0	2002.0	27.110193967819214	14.0	8.0
1581.0	1581.0	2002.0	27.889522314071655	14.0	8.0
1601.0	1601.0	2002.0	28.644843339920044	14.0	8.0
1621.0	1621.0	2002.0	29.468613862991333	14.0	8.0
1641.0	1641.0	2002.0	30.32322907447815	14.0	8.0
1661.0	1661.0	2002.0	31.246769666671753	14.0	8.0
1681.0	1681.0	2002.0	31.87190270423889	14.0	8.0
1701.0	1701.0	2002.0	32.914878606796265	14.0	8.0
1721.0	1721.0	2002.0	33.83196783065796	14.0	8.0
1741.0	1741.0	2002.0	34.84882354736328	14.0	8.0
1761.0	1761.0	2002.0	35.63138294219971	14.0	8.0
1781.0	1781.0	2002.0	36.67995476722717	14.0	8.0
1801.0	1801.0	2002.0	37.59468960762024	14.0	8.0
1821.0	1821.0	2002.0	38.45211887359619	14.0	8.0
1841.0	1841.0	2002.0	40.21983242034912	14.0	8.0
1861.0	1861.0	2002.0	42.39610242843628	14.0	8.0
1881.0	1881.0	2002.0	42.72110962867737	14.0	8.0
1901.0	0.0	2002.0	400.0029106140137	14.0	8.0
1921.0	0.0	2002.0	400.00269412994385	14.0	8.0
1941.0	0.0	2002.0	400.00277519226074	14.0	8.0
1961.0	0.0	2002.0	400.0028033256531	14.0	8.0
1981.0	0.0	2002.0	400.0028808116913	14.0	8.0
600.0	600.0	1001.0	4.050251483917236	14.0	9.0
610.0	610.0	1001.0	4.174301862716675	14.0	9.0
620.0	620.0	1001.0	4.315029144287109	14.0	9.0
630.0	630.0	1001.0	4.47710919380188	14.0	9.0
640.0	640.0	1001.0	4.589981555938721	14.0	9.0
650.0	650.0	1001.0	4.734716176986694	14.0	9.0
660.0	660.0	1001.0	4.908656120300293	14.0	9.0
670.0	670.0	1001.0	5.029852867126465	14.0	9.0
680.0	680.0	1001.0	5.201679468154907	14.0	9.0
690.0	690.0	1001.0	5.34726357460022	14.0	9.0
700.0	700.0	1001.0	5.518208980560303	14.0	9.0
710.0	710.0	1001.0	5.683088541030884	14.0	9.0
720.0	720.0	1001.0	5.844154596328735	14.0	9.0
730.0	730.0	1001.0	6.020595550537109	14.0	9.0
740.0	740.0	1001.0	6.1571149826049805	14.0	9.0
750.0	750.0	1001.0	6.394981622695923	14.0	9.0
760.0	760.0	1001.0	6.526886701583862	14.0	9.0
770.0	770.0	1001.0	6.642280578613281	14.0	9.0
780.0	780.0	1001.0	6.932349920272827	14.0	9.0
790.0	790.0	1001.0	7.078450679779053	14.0	9.0
800.0	800.0	1001.0	7.328718662261963	14.0	9.0
810.0	810.0	1001.0	7.4943742752075195	14.0	9.0
820.0	820.0	1001.0	7.70776104927063	14.0	9.0
830.0	830.0	1001.0	7.929285764694214	14.0	9.0
840.0	840.0	1001.0	8.136945724487305	14.0	9.0
850.0	850.0	1001.0	8.395951509475708	14.0	9.0
860.0	860.0	1001.0	8.444583415985107	14.0	9.0
870.0	870.0	1001.0	8.822127103805542	14.0	9.0
880.0	880.0	1001.0	8.967959642410278	14.0	9.0
890.0	890.0	1001.0	9.291774034500122	14.0	9.0
900.0	900.0	1001.0	9.489681243896484	14.0	9.0
910.0	910.0	1001.0	9.95874309539795	14.0	9.0
920.0	920.0	1001.0	10.369656801223755	14.0	9.0
930.0	930.0	1001.0	10.379025936126709	14.0	9.0
940.0	940.0	1001.0	10.776620388031006	14.0	9.0
950.0	950.0	1001.0	10.763771057128906	14.0	9.0
960.0	960.0	1001.0	11.44182825088501	14.0	9.0
970.0	0.0	1001.0	400.00190472602844	14.0	9.0
980.0	0.0	1001.0	400.0014007091522	14.0	9.0
990.0	0.0	1001.0	400.00151562690735	14.0	9.0
218.0	218.0	364.0	0.6182751655578613	14.0	10.0
222.0	222.0	364.0	0.6312177181243896	14.0	10.0
225.0	225.0	364.0	0.653303861618042	14.0	10.0
229.0	229.0	364.0	0.6712110042572021	14.0	10.0
232.0	232.0	364.0	0.6906473636627197	14.0	10.0
236.0	236.0	364.0	0.7080731391906738	14.0	10.0
240.0	240.0	364.0	0.7281327247619629	14.0	10.0
243.0	243.0	364.0	0.7454404830932617	14.0	10.0
247.0	247.0	364.0	0.8046824932098389	14.0	10.0
251.0	251.0	364.0	0.7926230430603027	14.0	10.0
254.0	254.0	364.0	0.8233933448791504	14.0	10.0
258.0	258.0	364.0	0.8383510112762451	14.0	10.0
262.0	262.0	364.0	0.8550271987915039	14.0	10.0
265.0	265.0	364.0	0.8909213542938232	14.0	10.0
269.0	269.0	364.0	0.9239096641540527	14.0	10.0
273.0	273.0	364.0	0.9344091415405273	14.0	10.0
276.0	276.0	364.0	0.9462771415710449	14.0	10.0
280.0	280.0	364.0	0.9741222858428955	14.0	10.0
283.0	283.0	364.0	1.0088272094726562	14.0	10.0
287.0	287.0	364.0	1.0223283767700195	14.0	10.0
291.0	291.0	364.0	1.0487401485443115	14.0	10.0
294.0	294.0	364.0	1.0849809646606445	14.0	10.0
298.0	298.0	364.0	1.1131956577301025	14.0	10.0
302.0	302.0	364.0	1.1510024070739746	14.0	10.0
305.0	305.0	364.0	1.1644320487976074	14.0	10.0
309.0	309.0	364.0	1.1975741386413574	14.0	10.0
313.0	313.0	364.0	1.231095552444458	14.0	10.0
316.0	316.0	364.0	1.2470622062683105	14.0	10.0
320.0	320.0	364.0	1.2863190174102783	14.0	10.0
323.0	323.0	364.0	1.317662239074707	14.0	10.0
327.0	327.0	364.0	1.3667004108428955	14.0	10.0
331.0	331.0	364.0	1.3989527225494385	14.0	10.0
334.0	334.0	364.0	1.4142940044403076	14.0	10.0
338.0	338.0	364.0	1.5917680263519287	14.0	10.0
342.0	342.0	364.0	1.6411128044128418	14.0	10.0
345.0	345.0	364.0	1.5177104473114014	14.0	10.0
349.0	349.0	364.0	72.19487309455872	14.0	10.0
353.0	353.0	364.0	165.62831497192383	14.0	10.0
356.0	0.0	364.0	400.0006914138794	14.0	10.0
360.0	0.0	364.0	400.0005712509155	14.0	10.0
54.0	54.0	91.0	0.0630338191986084	14.0	11.0
55.0	55.0	91.0	0.06463265419006348	14.0	11.0
56.0	56.0	91.0	0.06645464897155762	14.0	11.0
57.0	57.0	91.0	0.06831502914428711	14.0	11.0
58.0	58.0	91.0	0.07004928588867188	14.0	11.0
59.0	59.0	91.0	0.07205557823181152	14.0	11.0
60.0	60.0	91.0	0.07435059547424316	14.0	11.0
60.0	60.0	91.0	0.0730586051940918	14.0	11.0
61.0	61.0	91.0	0.07528281211853027	14.0	11.0
62.0	62.0	91.0	0.07702183723449707	14.0	11.0
63.0	63.0	91.0	0.07873320579528809	14.0	11.0
64.0	64.0	91.0	0.08020901679992676	14.0	11.0
65.0	65.0	91.0	0.08337998390197754	14.0	11.0
66.0	66.0	91.0	0.08399248123168945	14.0	11.0
67.0	67.0	91.0	0.08744931221008301	14.0	11.0
68.0	68.0	91.0	0.08942008018493652	14.0	11.0
69.0	69.0	91.0	0.09185242652893066	14.0	11.0
70.0	70.0	91.0	0.09298038482666016	14.0	11.0
70.0	70.0	91.0	0.09253430366516113	14.0	11.0
71.0	71.0	91.0	0.09491753578186035	14.0	11.0
72.0	72.0	91.0	0.09931492805480957	14.0	11.0
73.0	73.0	91.0	0.10162734985351562	14.0	11.0
74.0	74.0	91.0	0.10482025146484375	14.0	11.0
75.0	75.0	91.0	0.10542654991149902	14.0	11.0
76.0	76.0	91.0	0.10779452323913574	14.0	11.0
77.0	77.0	91.0	0.11065912246704102	14.0	11.0
78.0	78.0	91.0	0.11292910575866699	14.0	11.0
79.0	79.0	91.0	0.11641502380371094	14.0	11.0
80.0	80.0	91.0	0.11775684356689453	14.0	11.0
80.0	80.0	91.0	0.1186361312866211	14.0	11.0
81.0	81.0	91.0	0.11959671974182129	14.0	11.0
82.0	82.0	91.0	0.1608598232269287	14.0	11.0
83.0	83.0	91.0	0.12982654571533203	14.0	11.0
84.0	84.0	91.0	0.12923908233642578	14.0	11.0
85.0	85.0	91.0	0.1316521167755127	14.0	11.0
86.0	86.0	91.0	0.13562321662902832	14.0	11.0
87.0	87.0	91.0	0.1556406021118164	14.0	11.0
88.0	88.0	91.0	0.2646613121032715	14.0	11.0
89.0	89.0	91.0	0.30960917472839355	14.0	11.0
90.0	90.0	91.0	0.1977677345275879	14.0	11.0
8.0	8.0	14.0	0.005125522613525391	14.0	12.0
8.0	8.0	14.0	0.005049228668212891	14.0	12.0
8.0	8.0	14.0	0.005057334899902344	14.0	12.0
8.0	8.0	14.0	0.005047798156738281	14.0	12.0
8.0	8.0	14.0	0.0050220489501953125	14.0	12.0
9.0	9.0	14.0	0.005801677703857422	14.0	12.0
9.0	9.0	14.0	0.005782604217529297	14.0	12.0
9.0	9.0	14.0	0.005804777145385742	14.0	12.0
9.0	9.0	14.0	0.005789756774902344	14.0	12.0
9.0	9.0	14.0	0.005785226821899414	14.0	12.0
9.0	9.0	14.0	0.00579380989074707	14.0	12.0
9.0	9.0	14.0	0.0058135986328125	14.0	12.0
10.0	10.0	14.0	0.0066106319427490234	14.0	12.0
10.0	10.0	14.0	0.0066182613372802734	14.0	12.0
10.0	10.0	14.0	0.006597995758056641	14.0	12.0
10.0	10.0	14.0	0.0066072940826416016	14.0	12.0
10.0	10.0	14.0	0.006615400314331055	14.0	12.0
10.0	10.0	14.0	0.006642580032348633	14.0	12.0
10.0	10.0	14.0	0.006654262542724609	14.0	12.0
11.0	11.0	14.0	0.007403850555419922	14.0	12.0
11.0	11.0	14.0	0.00740814208984375	14.0	12.0
11.0	11.0	14.0	0.007428169250488281	14.0	12.0
11.0	11.0	14.0	0.007399082183837891	14.0	12.0
11.0	11.0	14.0	0.0074310302734375	14.0	12.0
11.0	11.0	14.0	0.007403373718261719	14.0	12.0
11.0	11.0	14.0	0.007430076599121094	14.0	12.0
12.0	12.0	14.0	0.008254766464233398	14.0	12.0
12.0	12.0	14.0	0.008237123489379883	14.0	12.0
12.0	12.0	14.0	0.008240461349487305	14.0	12.0
12.0	12.0	14.0	0.008238554000854492	14.0	12.0
12.0	12.0	14.0	0.008257865905761719	14.0	12.0
12.0	12.0	14.0	0.008225440979003906	14.0	12.0
12.0	12.0	14.0	0.008260488510131836	14.0	12.0
13.0	13.0	14.0	0.009092330932617188	14.0	12.0
13.0	13.0	14.0	0.009117603302001953	14.0	12.0
13.0	13.0	14.0	0.009106636047363281	14.0	12.0
13.0	13.0	14.0	0.009172916412353516	14.0	12.0
13.0	13.0	14.0	0.009110212326049805	14.0	12.0
13.0	13.0	14.0	0.009108543395996094	14.0	12.0
13.0	13.0	14.0	0.009194374084472656	14.0	12.0
